content_id,original_index,hate_speech,false_info,violence,harassment,obscenity,illegal,national_security,source_labels
br_new_00000137,137,0.0,0.0,0.0,0.0,0.0,0.0,1.0,national_security
br_new_00000179,179,0.0,0.0,1.0,0.0,0.0,0.0,0.0,violence
br_new_00000200,200,0.0,0.0,1.0,0.0,0.0,0.0,0.0,violence
br_new_00000234,234,0.0,0.0,0.0,0.0,0.0,1.0,1.0,illegal|national_security
br_new_00000245,245,0.0,0.0,0.0,0.0,0.0,0.0,1.0,national_security
br_new_00000397,397,0.0,0.0,0.0,0.0,0.0,0.0,1.0,national_security
br_new_00000400,400,0.0,0.0,0.0,0.0,0.0,0.0,1.0,national_security
br_new_00000487,487,0.0,0.0,1.0,0.0,0.0,0.0,0.0,violence
br_new_00000585,585,0.0,0.0,1.0,1.0,0.0,0.0,0.0,violence|harassment
br_new_00000612,612,0.0,0.0,1.0,0.0,0.0,0.0,0.0,violence
br_new_00000813,813,0.0,0.0,0.0,0.0,0.0,0.0,1.0,national_security
br_new_00000890,890,0.0,0.0,0.0,0.0,0.0,1.0,0.0,illegal
br_new_00000944,944,0.0,0.0,0.0,0.0,0.0,0.0,1.0,national_security
br_new_00000947,947,0.0,0.0,1.0,1.0,0.0,0.0,0.0,violence|harassment
br_new_00001139,1139,0.0,0.0,1.0,1.0,1.0,0.0,0.0,violence|harassment|obscenity
br_new_00001221,1221,0.0,0.0,0.0,0.0,0.0,0.0,1.0,national_security
br_new_00001285,1285,0.0,0.0,0.0,0.0,0.0,1.0,0.0,illegal
br_new_00001367,1367,0.0,0.0,1.0,0.0,0.0,0.0,0.0,violence
br_new_00001563,1563,1.0,0.0,1.0,0.0,0.0,0.0,0.0,hate_speech|violence
br_new_00001625,1625,0.0,0.0,0.0,0.0,0.0,0.0,1.0,national_security
br_new_00001704,1704,0.0,0.0,0.0,0.0,0.0,0.0,1.0,national_security
br_new_00001822,1822,0.0,0.0,1.0,0.0,0.0,0.0,0.0,violence
br_new_00001848,1848,0.0,1.0,0.0,0.0,0.0,0.0,0.0,false_info
br_new_00001944,1944,0.0,0.0,0.0,0.0,0.0,1.0,0.0,illegal
br_new_00001962,1962,0.0,0.0,0.0,0.0,0.0,1.0,0.0,illegal
br_new_00001986,1986,0.0,0.0,0.0,0.0,0.0,0.0,1.0,national_security
br_new_00001992,1992,0.0,0.0,0.0,1.0,0.0,0.0,1.0,harassment|national_security
br_new_00002008,2008,0.0,0.0,1.0,0.0,0.0,0.0,0.0,violence
br_new_00002017,2017,0.0,0.0,0.0,0.0,0.0,0.0,1.0,national_security
br_new_00002026,2026,0.0,0.0,0.0,0.0,0.0,0.0,1.0,national_security
br_new_00002056,2056,0.0,0.0,0.0,0.0,0.0,0.0,1.0,national_security
br_new_00002099,2099,0.0,0.0,1.0,1.0,1.0,0.0,0.0,violence|harassment|obscenity
br_new_00002104,2104,0.0,0.0,1.0,0.0,0.0,0.0,0.0,violence
br_new_00002167,2167,0.0,0.0,0.0,0.0,1.0,1.0,0.0,obscenity|illegal
br_new_00002168,2168,0.0,1.0,0.0,0.0,0.0,0.0,1.0,false_info|national_security
br_new_00002270,2270,1.0,1.0,0.0,0.0,0.0,0.0,0.0,hate_speech|false_info
br_new_00002350,2350,0.0,0.0,1.0,0.0,0.0,0.0,0.0,violence
br_new_00002452,2452,0.0,0.0,0.0,1.0,0.0,0.0,1.0,harassment|national_security
br_new_00002645,2645,0.0,0.0,1.0,1.0,0.0,0.0,0.0,violence|harassment
br_new_00002870,2870,0.0,0.0,1.0,0.0,0.0,0.0,0.0,violence
br_new_00002989,2989,0.0,1.0,0.0,0.0,0.0,0.0,0.0,false_info
br_new_00003007,3007,0.0,0.0,0.0,0.0,0.0,0.0,1.0,national_security
br_new_00003060,3060,0.0,0.0,1.0,0.0,0.0,0.0,0.0,violence
br_new_00003061,3061,0.0,0.0,0.0,0.0,0.0,0.0,1.0,national_security
br_new_00003123,3123,0.0,0.0,1.0,0.0,0.0,0.0,0.0,violence
br_new_00003279,3279,0.0,0.0,1.0,0.0,1.0,0.0,0.0,violence|obscenity
br_new_00003347,3347,0.0,0.0,1.0,0.0,1.0,0.0,0.0,violence|obscenity
br_new_00003490,3490,1.0,0.0,1.0,0.0,0.0,0.0,0.0,hate_speech|violence
br_new_00003507,3507,0.0,0.0,0.0,0.0,0.0,0.0,1.0,national_security
br_new_00003512,3512,0.0,0.0,1.0,0.0,0.0,0.0,0.0,violence
br_new_00003563,3563,0.0,0.0,1.0,0.0,0.0,0.0,0.0,violence
br_new_00003601,3601,0.0,1.0,0.0,0.0,0.0,0.0,0.0,false_info
br_new_00003612,3612,0.0,0.0,0.0,0.0,0.0,0.0,1.0,national_security
br_new_00004308,4308,0.0,0.0,1.0,0.0,0.0,0.0,0.0,violence
br_new_00004378,4378,0.0,0.0,0.0,0.0,0.0,0.0,1.0,national_security
br_new_00004403,4403,1.0,1.0,1.0,1.0,1.0,0.0,0.0,hate_speech|false_info|violence|harassment|obscenity
br_new_00004493,4493,0.0,0.0,1.0,1.0,1.0,0.0,0.0,violence|harassment|obscenity
br_new_00004608,4608,0.0,0.0,1.0,0.0,0.0,0.0,0.0,violence
br_new_00004690,4690,1.0,0.0,1.0,0.0,0.0,0.0,0.0,hate_speech|violence
br_new_00004825,4825,0.0,0.0,0.0,0.0,0.0,0.0,1.0,national_security
br_new_00004831,4831,0.0,1.0,0.0,1.0,0.0,0.0,1.0,false_info|harassment|national_security
br_new_00004906,4906,0.0,0.0,1.0,0.0,0.0,0.0,0.0,violence
br_new_00004969,4969,0.0,0.0,0.0,0.0,0.0,0.0,1.0,national_security
br_new_00004997,4997,0.0,0.0,1.0,0.0,0.0,0.0,0.0,violence
br_new_00005034,5034,0.0,0.0,0.0,0.0,0.0,0.0,1.0,national_security
br_new_00005155,5155,0.0,0.0,1.0,0.0,0.0,0.0,0.0,violence
br_new_00005217,5217,0.0,0.0,0.0,0.0,0.0,0.0,1.0,national_security
br_new_00003809,3809,0.0,0.0,0.0,1.0,0.0,0.0,1.0,harassment|national_security
br_new_00003908,3908,0.0,0.0,0.0,0.0,0.0,0.0,1.0,national_security
br_new_00004031,4031,0.0,0.0,1.0,0.0,0.0,0.0,0.0,violence
br_new_00004063,4063,0.0,0.0,0.0,0.0,0.0,0.0,1.0,national_security
br_new_00005273,5273,0.0,0.0,0.0,0.0,0.0,1.0,0.0,illegal
br_new_00005318,5318,0.0,0.0,1.0,1.0,0.0,0.0,0.0,violence|harassment
br_new_00005328,5328,1.0,0.0,1.0,0.0,0.0,0.0,0.0,hate_speech|violence
br_new_00005434,5434,0.0,1.0,0.0,0.0,0.0,0.0,0.0,false_info
br_new_00005544,5544,0.0,1.0,0.0,0.0,0.0,0.0,0.0,false_info
br_new_00005618,5618,0.0,0.0,1.0,0.0,1.0,0.0,0.0,violence|obscenity
br_new_00005659,5659,0.0,1.0,0.0,1.0,0.0,0.0,0.0,false_info|harassment
br_new_00005660,5660,0.0,0.0,1.0,0.0,0.0,0.0,0.0,violence
br_new_00005769,5769,0.0,0.0,0.0,0.0,0.0,0.0,1.0,national_security
br_new_00005780,5780,0.0,1.0,0.0,1.0,0.0,0.0,0.0,false_info|harassment
br_new_00005820,5820,0.0,0.0,0.0,0.0,0.0,0.0,1.0,national_security
br_new_00005988,5988,0.0,0.0,0.0,0.0,0.0,0.0,1.0,national_security
br_new_00006011,6011,0.0,0.0,1.0,0.0,0.0,0.0,1.0,violence|national_security
br_new_00006056,6056,0.0,0.0,0.0,0.0,0.0,0.0,1.0,national_security
br_new_00006057,6057,0.0,0.0,0.0,0.0,0.0,1.0,0.0,illegal
br_new_00006227,6227,0.0,0.0,0.0,0.0,0.0,0.0,1.0,national_security
br_new_00006291,6291,1.0,1.0,0.0,0.0,0.0,0.0,0.0,hate_speech|false_info
br_new_00006333,6333,0.0,0.0,1.0,0.0,0.0,0.0,0.0,violence
br_new_00006439,6439,0.0,0.0,0.0,0.0,0.0,0.0,1.0,national_security
br_new_00006470,6470,0.0,0.0,1.0,1.0,0.0,0.0,0.0,violence|harassment
br_new_00006514,6514,0.0,0.0,1.0,0.0,0.0,0.0,0.0,violence
br_new_00006601,6601,0.0,0.0,1.0,1.0,0.0,0.0,0.0,violence|harassment
br_new_00006619,6619,0.0,0.0,1.0,0.0,0.0,0.0,0.0,violence
br_new_00006682,6682,0.0,1.0,0.0,0.0,0.0,0.0,0.0,false_info
br_new_00006755,6755,0.0,0.0,1.0,0.0,0.0,0.0,0.0,violence
br_new_00006772,6772,1.0,0.0,1.0,0.0,0.0,0.0,0.0,hate_speech|violence
br_new_00006792,6792,1.0,1.0,0.0,0.0,0.0,0.0,0.0,hate_speech|false_info
br_new_00006993,6993,0.0,0.0,1.0,0.0,0.0,0.0,1.0,violence|national_security
br_new_00007038,7038,0.0,0.0,1.0,0.0,0.0,1.0,0.0,violence|illegal
br_new_00007090,7090,0.0,0.0,0.0,0.0,0.0,0.0,1.0,national_security
br_new_00007113,7113,0.0,0.0,0.0,0.0,0.0,0.0,1.0,national_security
br_new_00007153,7153,0.0,1.0,0.0,0.0,0.0,0.0,0.0,false_info
br_new_00007173,7173,0.0,0.0,0.0,0.0,0.0,0.0,1.0,national_security
br_new_00007343,7343,0.0,0.0,1.0,0.0,0.0,0.0,0.0,violence
br_new_00007515,7515,0.0,0.0,1.0,1.0,0.0,0.0,0.0,violence|harassment
br_new_00007541,7541,0.0,0.0,0.0,0.0,0.0,0.0,1.0,national_security
br_new_00007702,7702,0.0,0.0,0.0,1.0,0.0,0.0,1.0,harassment|national_security
br_new_00007771,7771,0.0,0.0,1.0,1.0,0.0,0.0,0.0,violence|harassment
br_new_00007808,7808,0.0,0.0,1.0,0.0,0.0,0.0,0.0,violence
br_new_00007891,7891,0.0,0.0,0.0,0.0,0.0,0.0,1.0,national_security
br_new_00008051,8051,0.0,0.0,1.0,1.0,0.0,0.0,0.0,violence|harassment
br_new_00008058,8058,0.0,0.0,1.0,0.0,0.0,0.0,0.0,violence
br_new_00008127,8127,0.0,0.0,1.0,1.0,0.0,0.0,0.0,violence|harassment
br_new_00008183,8183,0.0,0.0,1.0,1.0,0.0,0.0,0.0,violence|harassment
br_new_00008270,8270,1.0,0.0,1.0,1.0,0.0,0.0,0.0,hate_speech|violence|harassment
br_new_00008457,8457,1.0,0.0,0.0,0.0,0.0,0.0,1.0,hate_speech|national_security
br_new_00008490,8490,0.0,0.0,0.0,0.0,0.0,0.0,1.0,national_security
br_new_00008590,8590,0.0,0.0,1.0,1.0,0.0,0.0,0.0,violence|harassment
br_new_00008624,8624,0.0,0.0,1.0,0.0,0.0,0.0,0.0,violence
br_new_00008782,8782,0.0,0.0,0.0,0.0,0.0,0.0,1.0,national_security
br_new_00008818,8818,0.0,1.0,0.0,1.0,0.0,0.0,1.0,false_info|harassment|national_security
br_new_00008865,8865,0.0,0.0,1.0,1.0,1.0,0.0,0.0,violence|harassment|obscenity
br_new_00008877,8877,0.0,1.0,0.0,0.0,0.0,0.0,0.0,false_info
br_new_00008988,8988,1.0,0.0,1.0,0.0,0.0,0.0,0.0,hate_speech|violence
br_new_00009031,9031,0.0,0.0,1.0,0.0,0.0,0.0,0.0,violence
br_new_00009110,9110,0.0,1.0,0.0,1.0,0.0,0.0,0.0,false_info|harassment
br_new_00009126,9126,0.0,0.0,1.0,1.0,0.0,0.0,0.0,violence|harassment
br_new_00009143,9143,0.0,0.0,0.0,0.0,0.0,0.0,1.0,national_security
br_new_00009203,9203,0.0,1.0,0.0,0.0,0.0,0.0,0.0,false_info
br_new_00009258,9258,0.0,0.0,0.0,0.0,0.0,0.0,1.0,national_security
br_new_00009383,9383,0.0,0.0,1.0,1.0,0.0,0.0,0.0,violence|harassment
br_new_00009533,9533,0.0,0.0,0.0,0.0,0.0,0.0,1.0,national_security
br_new_00009534,9534,0.0,0.0,0.0,0.0,0.0,1.0,0.0,illegal
br_new_00009595,9595,1.0,0.0,1.0,0.0,0.0,0.0,1.0,hate_speech|violence|national_security
br_new_00009604,9604,0.0,0.0,0.0,0.0,0.0,0.0,1.0,national_security
br_new_00009967,9967,1.0,0.0,1.0,0.0,0.0,0.0,0.0,hate_speech|violence
br_new_00010034,10034,0.0,0.0,0.0,0.0,0.0,0.0,1.0,national_security
br_new_00010165,10165,0.0,0.0,1.0,1.0,0.0,0.0,0.0,violence|harassment
br_new_00010217,10217,0.0,0.0,0.0,0.0,0.0,0.0,1.0,national_security
br_new_00010247,10247,0.0,0.0,0.0,0.0,0.0,0.0,1.0,national_security
br_new_00010258,10258,0.0,0.0,1.0,0.0,0.0,0.0,0.0,violence
br_new_00010276,10276,0.0,0.0,1.0,0.0,0.0,0.0,0.0,violence
br_new_00010314,10314,1.0,0.0,1.0,0.0,0.0,0.0,0.0,hate_speech|violence
br_new_00010343,10343,0.0,0.0,1.0,0.0,0.0,0.0,0.0,violence
br_new_00010361,10361,0.0,0.0,1.0,1.0,0.0,0.0,0.0,violence|harassment
br_new_00010455,10455,0.0,1.0,0.0,0.0,0.0,0.0,0.0,false_info
br_new_00010550,10550,0.0,0.0,1.0,1.0,1.0,0.0,0.0,violence|harassment|obscenity
br_new_00010558,10558,1.0,0.0,0.0,0.0,1.0,1.0,0.0,hate_speech|obscenity|illegal
br_new_00010663,10663,0.0,1.0,0.0,0.0,0.0,0.0,1.0,false_info|national_security
br_new_00010782,10782,0.0,1.0,0.0,0.0,0.0,0.0,0.0,false_info
br_new_00010784,10784,0.0,0.0,0.0,0.0,0.0,0.0,1.0,national_security
br_new_00010901,10901,0.0,0.0,1.0,0.0,0.0,0.0,0.0,violence
br_new_00010963,10963,0.0,0.0,0.0,0.0,0.0,1.0,0.0,illegal
br_new_00011061,11061,0.0,0.0,0.0,0.0,0.0,0.0,1.0,national_security
br_new_00011124,11124,0.0,1.0,0.0,0.0,0.0,0.0,1.0,false_info|national_security
br_new_00011240,11240,0.0,0.0,1.0,0.0,0.0,0.0,0.0,violence
br_new_00011273,11273,0.0,1.0,0.0,0.0,0.0,0.0,0.0,false_info
br_new_00011355,11355,0.0,0.0,0.0,0.0,0.0,0.0,1.0,national_security
br_new_00011382,11382,0.0,0.0,1.0,1.0,0.0,0.0,0.0,violence|harassment
br_new_00011503,11503,0.0,1.0,0.0,1.0,0.0,0.0,0.0,false_info|harassment
br_new_00011517,11517,0.0,0.0,1.0,1.0,0.0,0.0,0.0,violence|harassment
br_new_00011557,11557,0.0,0.0,0.0,0.0,0.0,0.0,1.0,national_security
br_new_00011580,11580,0.0,0.0,1.0,1.0,1.0,0.0,0.0,violence|harassment|obscenity
br_new_00011611,11611,0.0,0.0,0.0,0.0,0.0,0.0,1.0,national_security
br_new_00011655,11655,0.0,0.0,1.0,1.0,0.0,0.0,0.0,violence|harassment
br_new_00011833,11833,0.0,0.0,0.0,0.0,0.0,0.0,1.0,national_security
br_new_00011835,11835,0.0,0.0,1.0,1.0,0.0,0.0,0.0,violence|harassment
br_new_00011838,11838,0.0,0.0,1.0,0.0,0.0,0.0,0.0,violence
br_new_00011854,11854,0.0,0.0,1.0,1.0,0.0,0.0,0.0,violence|harassment
br_new_00011886,11886,1.0,0.0,1.0,0.0,0.0,0.0,0.0,hate_speech|violence
br_new_00011923,11923,0.0,0.0,0.0,0.0,0.0,0.0,1.0,national_security
br_new_00011928,11928,0.0,0.0,0.0,0.0,0.0,0.0,1.0,national_security
br_new_00011987,11987,0.0,0.0,0.0,0.0,0.0,1.0,0.0,illegal
br_new_00012004,12004,0.0,0.0,1.0,1.0,0.0,0.0,0.0,violence|harassment
br_new_00012024,12024,0.0,0.0,1.0,0.0,0.0,0.0,0.0,violence
br_new_00012105,12105,0.0,0.0,1.0,0.0,0.0,0.0,0.0,violence
br_new_00012173,12173,1.0,1.0,0.0,0.0,0.0,0.0,0.0,hate_speech|false_info
br_new_00012220,12220,0.0,1.0,0.0,0.0,0.0,0.0,0.0,false_info
br_new_00012239,12239,0.0,0.0,1.0,1.0,0.0,0.0,0.0,violence|harassment
br_new_00012247,12247,0.0,0.0,0.0,0.0,0.0,0.0,1.0,national_security
br_new_00012285,12285,0.0,0.0,1.0,0.0,0.0,0.0,0.0,violence
br_new_00012286,12286,0.0,0.0,0.0,0.0,0.0,0.0,1.0,national_security
br_new_00012291,12291,0.0,0.0,0.0,0.0,0.0,1.0,0.0,illegal
br_new_00012319,12319,0.0,0.0,0.0,0.0,0.0,0.0,1.0,national_security
br_new_00012404,12404,0.0,0.0,0.0,0.0,0.0,0.0,1.0,national_security
br_new_00012415,12415,0.0,1.0,0.0,0.0,0.0,0.0,0.0,false_info
br_new_00012425,12425,0.0,1.0,0.0,1.0,0.0,0.0,0.0,false_info|harassment
br_new_00012428,12428,0.0,0.0,1.0,0.0,0.0,0.0,0.0,violence
br_new_00012483,12483,0.0,0.0,0.0,0.0,0.0,1.0,0.0,illegal
br_new_00012589,12589,0.0,0.0,0.0,0.0,0.0,0.0,1.0,national_security
br_new_00012722,12722,0.0,1.0,0.0,0.0,0.0,0.0,0.0,false_info
br_new_00012737,12737,0.0,0.0,1.0,1.0,1.0,0.0,0.0,violence|harassment|obscenity
br_new_00012746,12746,0.0,1.0,0.0,0.0,0.0,0.0,0.0,false_info
br_new_00012839,12839,1.0,0.0,1.0,0.0,0.0,0.0,0.0,hate_speech|violence
br_new_00012942,12942,0.0,0.0,0.0,0.0,0.0,0.0,1.0,national_security
br_new_00013111,13111,0.0,0.0,0.0,0.0,0.0,0.0,1.0,national_security
br_new_00013147,13147,0.0,0.0,1.0,0.0,0.0,0.0,0.0,violence
br_new_00013246,13246,0.0,0.0,1.0,0.0,1.0,0.0,0.0,violence|obscenity
br_new_00013334,13334,0.0,0.0,1.0,1.0,0.0,0.0,0.0,violence|harassment
br_new_00013521,13521,0.0,0.0,1.0,0.0,0.0,0.0,0.0,violence
br_new_00013567,13567,0.0,1.0,0.0,1.0,0.0,0.0,0.0,false_info|harassment
br_new_00013590,13590,0.0,0.0,1.0,0.0,0.0,0.0,0.0,violence
br_new_00013834,13834,0.0,0.0,0.0,0.0,0.0,0.0,1.0,national_security
br_new_00013928,13928,0.0,0.0,1.0,0.0,0.0,0.0,1.0,violence|national_security
br_new_00013949,13949,0.0,0.0,0.0,0.0,0.0,0.0,1.0,national_security
br_new_00013951,13951,0.0,0.0,1.0,0.0,0.0,0.0,0.0,violence
br_new_00013980,13980,0.0,0.0,0.0,0.0,0.0,0.0,1.0,national_security
br_new_00013987,13987,0.0,0.0,0.0,0.0,0.0,0.0,1.0,national_security
br_new_00014084,14084,0.0,0.0,1.0,0.0,0.0,0.0,0.0,violence
br_new_00014113,14113,0.0,1.0,0.0,0.0,0.0,0.0,1.0,false_info|national_security
br_new_00014412,14412,0.0,0.0,0.0,0.0,0.0,0.0,1.0,national_security
br_new_00014463,14463,0.0,0.0,1.0,0.0,0.0,0.0,0.0,violence
br_new_00014500,14500,0.0,1.0,0.0,0.0,0.0,0.0,0.0,false_info
br_new_00014732,14732,0.0,0.0,1.0,1.0,0.0,0.0,0.0,violence|harassment
br_new_00014738,14738,0.0,0.0,0.0,0.0,0.0,1.0,0.0,illegal
br_new_00014751,14751,0.0,0.0,0.0,0.0,0.0,0.0,1.0,national_security
br_new_00014838,14838,0.0,0.0,0.0,0.0,0.0,1.0,0.0,illegal
br_new_00014888,14888,0.0,0.0,0.0,0.0,0.0,0.0,1.0,national_security
br_new_00014907,14907,0.0,0.0,1.0,0.0,0.0,0.0,0.0,violence
br_new_00014926,14926,0.0,0.0,1.0,0.0,0.0,0.0,0.0,violence
br_new_00014952,14952,1.0,0.0,1.0,0.0,0.0,0.0,0.0,hate_speech|violence
br_new_00014967,14967,0.0,0.0,1.0,0.0,0.0,0.0,1.0,violence|national_security
br_new_00015057,15057,0.0,0.0,0.0,0.0,0.0,0.0,1.0,national_security
br_new_00015137,15137,0.0,0.0,1.0,1.0,0.0,0.0,0.0,violence|harassment
br_new_00015140,15140,0.0,0.0,0.0,0.0,0.0,0.0,1.0,national_security
br_new_00015247,15247,0.0,0.0,1.0,0.0,0.0,0.0,1.0,violence|national_security
br_new_00015383,15383,0.0,0.0,0.0,1.0,0.0,0.0,1.0,harassment|national_security
br_new_00015437,15437,0.0,1.0,0.0,0.0,0.0,0.0,1.0,false_info|national_security
br_new_00015533,15533,0.0,0.0,1.0,0.0,0.0,0.0,0.0,violence
br_new_00015725,15725,0.0,0.0,0.0,0.0,0.0,0.0,1.0,national_security
br_new_00015845,15845,0.0,0.0,1.0,0.0,0.0,0.0,0.0,violence
br_new_00015847,15847,0.0,0.0,1.0,0.0,0.0,0.0,0.0,violence
br_new_00015877,15877,0.0,0.0,1.0,0.0,0.0,0.0,0.0,violence
br_new_00016050,16050,1.0,0.0,0.0,1.0,1.0,0.0,1.0,hate_speech|harassment|obscenity|national_security
br_new_00016184,16184,1.0,1.0,0.0,0.0,0.0,0.0,1.0,hate_speech|false_info|national_security
br_new_00016272,16272,0.0,0.0,1.0,0.0,0.0,0.0,0.0,violence
br_new_00016273,16273,0.0,0.0,1.0,0.0,0.0,0.0,1.0,violence|national_security
br_new_00016285,16285,1.0,0.0,1.0,1.0,0.0,0.0,0.0,hate_speech|violence|harassment
br_new_00016309,16309,0.0,0.0,0.0,0.0,0.0,0.0,1.0,national_security
br_new_00016358,16358,0.0,0.0,0.0,0.0,0.0,0.0,1.0,national_security
br_new_00016453,16453,0.0,0.0,0.0,0.0,0.0,0.0,1.0,national_security
br_new_00016458,16458,0.0,0.0,1.0,1.0,1.0,0.0,0.0,violence|harassment|obscenity
br_new_00016462,16462,0.0,0.0,0.0,0.0,0.0,0.0,1.0,national_security
br_new_00016550,16550,0.0,0.0,0.0,1.0,0.0,0.0,1.0,harassment|national_security
br_new_00016596,16596,0.0,0.0,0.0,0.0,0.0,0.0,1.0,national_security
br_new_00016635,16635,0.0,0.0,0.0,0.0,0.0,0.0,1.0,national_security
br_new_00016905,16905,0.0,0.0,1.0,0.0,0.0,0.0,0.0,violence
br_new_00016911,16911,0.0,0.0,1.0,1.0,0.0,0.0,0.0,violence|harassment
br_new_00017017,17017,0.0,0.0,1.0,1.0,0.0,0.0,1.0,violence|harassment|national_security
br_new_00017039,17039,0.0,0.0,1.0,1.0,0.0,0.0,0.0,violence|harassment
br_new_00017049,17049,0.0,0.0,1.0,1.0,1.0,0.0,0.0,violence|harassment|obscenity
br_new_00017180,17180,0.0,0.0,1.0,0.0,0.0,0.0,0.0,violence
br_new_00017255,17255,0.0,0.0,1.0,1.0,0.0,0.0,0.0,violence|harassment
br_new_00017338,17338,0.0,0.0,1.0,1.0,0.0,0.0,0.0,violence|harassment
br_new_00017352,17352,0.0,0.0,1.0,1.0,0.0,0.0,0.0,violence|harassment
br_new_00017430,17430,0.0,0.0,1.0,0.0,0.0,0.0,0.0,violence
br_new_00017508,17508,0.0,0.0,1.0,1.0,0.0,1.0,0.0,violence|harassment|illegal
br_new_00017529,17529,0.0,0.0,0.0,0.0,0.0,0.0,1.0,national_security
br_new_00017609,17609,0.0,0.0,1.0,0.0,0.0,0.0,0.0,violence
br_new_00017726,17726,0.0,0.0,1.0,0.0,0.0,0.0,0.0,violence
br_new_00017785,17785,0.0,0.0,1.0,1.0,1.0,0.0,0.0,violence|harassment|obscenity
br_new_00018116,18116,0.0,1.0,0.0,0.0,0.0,0.0,0.0,false_info
br_new_00018119,18119,0.0,1.0,0.0,0.0,0.0,0.0,0.0,false_info
br_new_00018128,18128,0.0,0.0,1.0,1.0,0.0,0.0,0.0,violence|harassment
br_new_00018133,18133,0.0,0.0,0.0,0.0,0.0,0.0,1.0,national_security
br_new_00018179,18179,0.0,0.0,0.0,0.0,0.0,1.0,0.0,illegal
br_new_00018184,18184,0.0,0.0,0.0,0.0,0.0,0.0,1.0,national_security
br_new_00018187,18187,0.0,0.0,0.0,0.0,0.0,0.0,1.0,national_security
br_new_00018207,18207,0.0,0.0,0.0,1.0,0.0,0.0,1.0,harassment|national_security
br_new_00018213,18213,0.0,0.0,1.0,1.0,0.0,0.0,0.0,violence|harassment
br_new_00018324,18324,0.0,0.0,1.0,0.0,0.0,0.0,0.0,violence
br_new_00018480,18480,0.0,0.0,0.0,0.0,0.0,0.0,1.0,national_security
br_new_00018590,18590,0.0,0.0,1.0,1.0,0.0,0.0,0.0,violence|harassment
br_new_00018592,18592,1.0,0.0,1.0,1.0,1.0,0.0,0.0,hate_speech|violence|harassment|obscenity
br_new_00018611,18611,0.0,0.0,1.0,0.0,0.0,0.0,0.0,violence
br_new_00018632,18632,0.0,0.0,1.0,0.0,0.0,0.0,0.0,violence
br_new_00018661,18661,0.0,0.0,0.0,0.0,0.0,0.0,1.0,national_security
br_new_00018721,18721,0.0,0.0,0.0,0.0,0.0,0.0,1.0,national_security
br_new_00018762,18762,0.0,1.0,0.0,0.0,0.0,0.0,0.0,false_info
br_new_00018778,18778,0.0,0.0,1.0,0.0,0.0,0.0,1.0,violence|national_security
br_new_00018791,18791,0.0,0.0,1.0,1.0,0.0,0.0,0.0,violence|harassment
br_new_00018807,18807,0.0,0.0,0.0,0.0,0.0,0.0,1.0,national_security
br_new_00018880,18880,0.0,0.0,0.0,0.0,0.0,0.0,1.0,national_security
br_new_00018893,18893,0.0,1.0,0.0,0.0,0.0,1.0,0.0,false_info|illegal
br_new_00018894,18894,0.0,0.0,1.0,0.0,0.0,0.0,0.0,violence
br_new_00019157,19157,0.0,0.0,0.0,0.0,0.0,0.0,1.0,national_security
br_new_00019197,19197,0.0,0.0,0.0,0.0,0.0,1.0,0.0,illegal
br_new_00019223,19223,0.0,0.0,1.0,1.0,0.0,0.0,0.0,violence|harassment
br_new_00019235,19235,0.0,0.0,0.0,0.0,0.0,0.0,1.0,national_security
br_new_00019290,19290,0.0,0.0,0.0,0.0,0.0,1.0,0.0,illegal
br_new_00019296,19296,0.0,0.0,1.0,1.0,0.0,0.0,0.0,violence|harassment
br_new_00019345,19345,0.0,1.0,0.0,0.0,0.0,0.0,0.0,false_info
br_new_00019355,19355,0.0,0.0,1.0,1.0,0.0,0.0,0.0,violence|harassment
br_new_00019389,19389,0.0,0.0,1.0,1.0,0.0,0.0,0.0,violence|harassment
br_new_00019491,19491,0.0,0.0,1.0,1.0,0.0,0.0,0.0,violence|harassment
br_new_00019552,19552,0.0,0.0,1.0,1.0,0.0,0.0,1.0,violence|harassment|national_security
br_new_00019637,19637,0.0,1.0,1.0,0.0,1.0,0.0,0.0,false_info|violence|obscenity
br_new_00019698,19698,0.0,0.0,0.0,0.0,1.0,1.0,0.0,obscenity|illegal
br_new_00019734,19734,0.0,0.0,1.0,0.0,0.0,0.0,0.0,violence
br_new_00019762,19762,0.0,0.0,1.0,1.0,0.0,0.0,0.0,violence|harassment
br_new_00019873,19873,0.0,0.0,1.0,0.0,0.0,0.0,0.0,violence
br_new_00019978,19978,0.0,0.0,1.0,0.0,0.0,0.0,0.0,violence
br_new_00019982,19982,0.0,0.0,0.0,0.0,0.0,0.0,1.0,national_security
br_new_00020050,20050,0.0,0.0,0.0,0.0,0.0,0.0,1.0,national_security
br_new_00020071,20071,0.0,0.0,1.0,1.0,1.0,0.0,0.0,violence|harassment|obscenity
br_new_00020072,20072,0.0,1.0,0.0,1.0,0.0,0.0,0.0,false_info|harassment
br_new_00020093,20093,0.0,0.0,0.0,0.0,0.0,0.0,1.0,national_security
br_new_00020094,20094,0.0,0.0,0.0,0.0,0.0,0.0,1.0,national_security
br_new_00020208,20208,0.0,0.0,1.0,0.0,0.0,0.0,0.0,violence
br_new_00020333,20333,1.0,0.0,1.0,0.0,0.0,0.0,0.0,hate_speech|violence
br_new_00020378,20378,1.0,0.0,1.0,1.0,1.0,0.0,0.0,hate_speech|violence|harassment|obscenity
br_new_00020540,20540,1.0,0.0,1.0,1.0,0.0,0.0,0.0,hate_speech|violence|harassment
br_new_00020593,20593,0.0,0.0,1.0,0.0,0.0,0.0,0.0,violence
br_new_00020665,20665,0.0,0.0,1.0,1.0,0.0,0.0,0.0,violence|harassment
br_new_00020671,20671,0.0,0.0,0.0,0.0,0.0,0.0,1.0,national_security
br_new_00020792,20792,0.0,0.0,0.0,0.0,0.0,0.0,1.0,national_security
br_new_00020940,20940,0.0,0.0,0.0,0.0,0.0,0.0,1.0,national_security
br_new_00021024,21024,0.0,0.0,0.0,0.0,0.0,0.0,1.0,national_security
br_new_00021155,21155,0.0,0.0,0.0,0.0,0.0,0.0,1.0,national_security
br_new_00021265,21265,0.0,0.0,0.0,0.0,0.0,1.0,1.0,illegal|national_security
br_new_00021434,21434,0.0,0.0,1.0,1.0,0.0,0.0,0.0,violence|harassment
br_new_00021547,21547,0.0,0.0,0.0,0.0,0.0,0.0,1.0,national_security
br_new_00021551,21551,0.0,0.0,0.0,0.0,1.0,1.0,0.0,obscenity|illegal
br_new_00021555,21555,0.0,0.0,0.0,0.0,0.0,0.0,1.0,national_security
br_new_00021571,21571,0.0,0.0,0.0,0.0,0.0,0.0,1.0,national_security
br_new_00021593,21593,0.0,0.0,0.0,0.0,0.0,0.0,1.0,national_security
br_new_00021716,21716,0.0,0.0,1.0,1.0,0.0,0.0,0.0,violence|harassment
br_new_00021887,21887,0.0,0.0,1.0,1.0,0.0,0.0,0.0,violence|harassment
br_new_00021904,21904,0.0,0.0,0.0,0.0,0.0,0.0,1.0,national_security
br_new_00022054,22054,0.0,0.0,1.0,0.0,0.0,0.0,0.0,violence
br_new_00022060,22060,0.0,0.0,0.0,0.0,0.0,0.0,1.0,national_security
br_new_00022114,22114,0.0,0.0,1.0,0.0,0.0,0.0,0.0,violence
br_new_00022146,22146,0.0,0.0,0.0,0.0,0.0,0.0,1.0,national_security
br_new_00022184,22184,0.0,0.0,0.0,0.0,0.0,1.0,0.0,illegal
br_new_00022198,22198,0.0,0.0,0.0,0.0,0.0,0.0,1.0,national_security
br_new_00022225,22225,0.0,0.0,1.0,0.0,0.0,0.0,0.0,violence
br_new_00022239,22239,0.0,0.0,1.0,1.0,0.0,0.0,0.0,violence|harassment
br_new_00022240,22240,0.0,1.0,0.0,1.0,0.0,0.0,0.0,false_info|harassment
br_new_00022395,22395,0.0,0.0,0.0,0.0,0.0,0.0,1.0,national_security
br_new_00022410,22410,1.0,0.0,1.0,0.0,0.0,0.0,0.0,hate_speech|violence
br_new_00022609,22609,0.0,0.0,0.0,0.0,0.0,0.0,1.0,national_security
br_new_00022711,22711,0.0,0.0,1.0,1.0,0.0,0.0,0.0,violence|harassment
br_new_00022776,22776,0.0,0.0,1.0,1.0,0.0,0.0,0.0,violence|harassment
br_new_00022784,22784,0.0,1.0,0.0,0.0,0.0,0.0,0.0,false_info
br_new_00023012,23012,0.0,0.0,1.0,1.0,0.0,0.0,0.0,violence|harassment
br_new_00023084,23084,0.0,1.0,0.0,0.0,0.0,0.0,0.0,false_info
br_new_00023183,23183,0.0,0.0,0.0,0.0,0.0,0.0,1.0,national_security
br_new_00023214,23214,0.0,0.0,0.0,0.0,0.0,0.0,1.0,national_security
br_new_00023220,23220,0.0,0.0,0.0,0.0,0.0,0.0,1.0,national_security
br_new_00023286,23286,1.0,0.0,1.0,0.0,0.0,0.0,0.0,hate_speech|violence
br_new_00023368,23368,0.0,0.0,0.0,0.0,0.0,0.0,1.0,national_security
br_new_00023604,23604,0.0,0.0,1.0,0.0,0.0,0.0,0.0,violence
br_new_00023639,23639,0.0,0.0,0.0,0.0,0.0,0.0,1.0,national_security
br_new_00023650,23650,1.0,0.0,1.0,1.0,0.0,0.0,0.0,hate_speech|violence|harassment
br_new_00023715,23715,0.0,0.0,1.0,0.0,0.0,0.0,0.0,violence
br_new_00023897,23897,0.0,0.0,1.0,1.0,0.0,0.0,0.0,violence|harassment
br_new_00023920,23920,0.0,0.0,1.0,0.0,0.0,0.0,0.0,violence
br_new_00024012,24012,0.0,0.0,1.0,1.0,0.0,0.0,0.0,violence|harassment
br_new_00024081,24081,0.0,1.0,0.0,0.0,0.0,0.0,0.0,false_info
br_new_00024082,24082,0.0,0.0,0.0,0.0,0.0,0.0,1.0,national_security
br_new_00024201,24201,0.0,0.0,0.0,0.0,0.0,0.0,1.0,national_security
br_new_00024210,24210,0.0,0.0,1.0,0.0,0.0,0.0,0.0,violence
br_new_00024256,24256,0.0,0.0,1.0,0.0,0.0,0.0,0.0,violence
br_new_00024319,24319,0.0,0.0,0.0,0.0,0.0,0.0,1.0,national_security
br_new_00024399,24399,0.0,0.0,0.0,0.0,0.0,0.0,1.0,national_security
br_new_00024418,24418,0.0,0.0,1.0,0.0,0.0,0.0,0.0,violence
br_new_00024433,24433,0.0,0.0,0.0,0.0,0.0,0.0,1.0,national_security
br_new_00024488,24488,0.0,0.0,1.0,0.0,0.0,0.0,0.0,violence
br_new_00024505,24505,0.0,1.0,0.0,0.0,0.0,0.0,0.0,false_info
br_new_00024541,24541,0.0,0.0,0.0,0.0,0.0,0.0,1.0,national_security
br_new_00024701,24701,0.0,0.0,0.0,0.0,0.0,0.0,1.0,national_security
br_new_00024831,24831,0.0,0.0,0.0,0.0,0.0,0.0,1.0,national_security
br_new_00024843,24843,0.0,0.0,1.0,0.0,0.0,0.0,0.0,violence
br_new_00024945,24945,0.0,0.0,1.0,1.0,0.0,0.0,0.0,violence|harassment
br_new_00024949,24949,1.0,0.0,1.0,0.0,0.0,0.0,0.0,hate_speech|violence
br_new_00024957,24957,0.0,0.0,1.0,0.0,0.0,0.0,0.0,violence
br_new_00024989,24989,0.0,0.0,1.0,0.0,0.0,0.0,0.0,violence
br_new_00025089,25089,0.0,0.0,1.0,1.0,0.0,0.0,0.0,violence|harassment
br_new_00025117,25117,1.0,0.0,1.0,0.0,0.0,0.0,0.0,hate_speech|violence
br_new_00025176,25176,0.0,0.0,0.0,0.0,0.0,0.0,1.0,national_security
br_new_00025232,25232,0.0,0.0,0.0,0.0,0.0,0.0,1.0,national_security
br_new_00025241,25241,0.0,0.0,1.0,0.0,0.0,0.0,0.0,violence
br_new_00025250,25250,0.0,0.0,1.0,1.0,0.0,0.0,0.0,violence|harassment
br_new_00025435,25435,0.0,0.0,0.0,0.0,0.0,0.0,1.0,national_security
br_new_00025511,25511,1.0,0.0,1.0,0.0,0.0,0.0,0.0,hate_speech|violence
br_new_00025559,25559,0.0,0.0,0.0,0.0,0.0,0.0,1.0,national_security
br_new_00025567,25567,0.0,1.0,0.0,1.0,0.0,0.0,0.0,false_info|harassment
br_new_00025723,25723,0.0,0.0,0.0,0.0,0.0,0.0,1.0,national_security
br_new_00025727,25727,0.0,0.0,0.0,0.0,0.0,0.0,1.0,national_security
br_new_00025764,25764,0.0,0.0,1.0,0.0,0.0,0.0,0.0,violence
br_new_00025859,25859,0.0,0.0,0.0,0.0,0.0,0.0,1.0,national_security
br_new_00025870,25870,0.0,0.0,1.0,0.0,1.0,0.0,0.0,violence|obscenity
br_new_00025943,25943,0.0,0.0,1.0,0.0,0.0,0.0,0.0,violence
br_new_00026080,26080,0.0,0.0,1.0,0.0,0.0,1.0,0.0,violence|illegal
br_new_00026160,26160,0.0,0.0,0.0,0.0,0.0,0.0,1.0,national_security
br_new_00026177,26177,1.0,1.0,1.0,1.0,0.0,0.0,1.0,hate_speech|false_info|violence|harassment|national_security
br_new_00026222,26222,0.0,0.0,1.0,0.0,0.0,0.0,0.0,violence
br_new_00026343,26343,0.0,0.0,0.0,0.0,0.0,0.0,1.0,national_security
br_new_00026423,26423,0.0,0.0,0.0,0.0,0.0,0.0,1.0,national_security
br_new_00026445,26445,0.0,0.0,1.0,1.0,1.0,0.0,0.0,violence|harassment|obscenity
br_new_00026505,26505,0.0,0.0,0.0,0.0,0.0,0.0,1.0,national_security
br_new_00026522,26522,0.0,0.0,1.0,1.0,0.0,0.0,0.0,violence|harassment
br_new_00026605,26605,0.0,0.0,1.0,0.0,0.0,0.0,0.0,violence
br_new_00026661,26661,1.0,0.0,1.0,0.0,0.0,0.0,0.0,hate_speech|violence
br_new_00026701,26701,1.0,0.0,1.0,0.0,0.0,0.0,0.0,hate_speech|violence
br_new_00026734,26734,1.0,1.0,1.0,0.0,0.0,0.0,0.0,hate_speech|false_info|violence
br_new_00026758,26758,0.0,0.0,0.0,0.0,0.0,0.0,1.0,national_security
br_new_00026776,26776,0.0,0.0,0.0,1.0,0.0,0.0,1.0,harassment|national_security
br_new_00026846,26846,1.0,0.0,1.0,1.0,0.0,0.0,0.0,hate_speech|violence|harassment
br_new_00026959,26959,0.0,0.0,1.0,0.0,0.0,0.0,0.0,violence
br_new_00026965,26965,0.0,0.0,1.0,0.0,0.0,0.0,0.0,violence
br_new_00026995,26995,0.0,0.0,1.0,1.0,0.0,0.0,0.0,violence|harassment
br_new_00027017,27017,0.0,1.0,0.0,1.0,0.0,0.0,0.0,false_info|harassment
br_new_00027025,27025,0.0,1.0,0.0,0.0,0.0,0.0,0.0,false_info
br_new_00027140,27140,0.0,0.0,0.0,0.0,0.0,0.0,1.0,national_security
br_new_00027151,27151,0.0,0.0,0.0,0.0,0.0,0.0,1.0,national_security
br_new_00027326,27326,0.0,0.0,0.0,0.0,0.0,0.0,1.0,national_security
br_new_00027567,27567,0.0,0.0,1.0,0.0,0.0,0.0,0.0,violence
br_new_00027568,27568,0.0,0.0,0.0,0.0,0.0,0.0,1.0,national_security
br_new_00027586,27586,0.0,0.0,0.0,0.0,0.0,0.0,1.0,national_security
br_new_00027750,27750,0.0,0.0,1.0,1.0,0.0,0.0,0.0,violence|harassment
br_new_00027794,27794,0.0,1.0,0.0,1.0,0.0,0.0,0.0,false_info|harassment
br_new_00027804,27804,0.0,1.0,0.0,0.0,0.0,0.0,0.0,false_info
br_new_00027821,27821,0.0,0.0,1.0,1.0,0.0,0.0,0.0,violence|harassment
br_new_00027874,27874,0.0,0.0,0.0,0.0,0.0,0.0,1.0,national_security
br_new_00027898,27898,0.0,0.0,0.0,0.0,0.0,0.0,1.0,national_security
br_new_00028005,28005,0.0,1.0,0.0,0.0,0.0,0.0,0.0,false_info
br_new_00028015,28015,0.0,0.0,0.0,0.0,0.0,0.0,1.0,national_security
br_new_00028051,28051,0.0,0.0,1.0,0.0,0.0,0.0,0.0,violence
br_new_00028132,28132,0.0,0.0,0.0,0.0,0.0,0.0,1.0,national_security
br_new_00028169,28169,0.0,0.0,0.0,0.0,0.0,0.0,1.0,national_security
br_new_00028170,28170,0.0,0.0,0.0,0.0,0.0,0.0,1.0,national_security
br_new_00028349,28349,0.0,0.0,1.0,0.0,0.0,0.0,0.0,violence
br_new_00028410,28410,0.0,0.0,0.0,0.0,0.0,0.0,1.0,national_security
br_new_00028516,28516,0.0,0.0,1.0,1.0,0.0,0.0,0.0,violence|harassment
br_new_00028559,28559,0.0,0.0,0.0,0.0,0.0,0.0,1.0,national_security
br_new_00028731,28731,0.0,0.0,0.0,0.0,0.0,0.0,1.0,national_security
br_new_00028759,28759,0.0,0.0,0.0,0.0,0.0,0.0,1.0,national_security
br_new_00028915,28915,0.0,0.0,0.0,0.0,0.0,0.0,1.0,national_security
br_new_00028947,28947,0.0,0.0,1.0,0.0,0.0,0.0,1.0,violence|national_security
br_new_00028960,28960,0.0,0.0,0.0,0.0,0.0,0.0,1.0,national_security
br_new_00028984,28984,0.0,0.0,0.0,0.0,0.0,0.0,1.0,national_security
br_new_00029079,29079,0.0,0.0,1.0,0.0,0.0,0.0,0.0,violence
br_new_00029224,29224,0.0,0.0,0.0,0.0,0.0,0.0,1.0,national_security
br_new_00029273,29273,0.0,1.0,0.0,0.0,0.0,0.0,0.0,false_info
br_new_00029447,29447,0.0,0.0,0.0,0.0,0.0,0.0,1.0,national_security
br_new_00029461,29461,0.0,0.0,1.0,1.0,0.0,0.0,0.0,violence|harassment
br_new_00029489,29489,0.0,0.0,1.0,0.0,0.0,0.0,0.0,violence
br_new_00029570,29570,0.0,0.0,0.0,0.0,0.0,1.0,0.0,illegal
br_new_00029728,29728,0.0,0.0,1.0,0.0,0.0,0.0,0.0,violence
br_new_00029734,29734,0.0,0.0,0.0,0.0,0.0,0.0,1.0,national_security
br_new_00029770,29770,0.0,0.0,0.0,0.0,0.0,0.0,1.0,national_security
br_new_00029796,29796,0.0,0.0,0.0,0.0,0.0,1.0,0.0,illegal
br_new_00029813,29813,0.0,1.0,0.0,1.0,0.0,0.0,0.0,false_info|harassment
br_new_00029839,29839,1.0,1.0,1.0,0.0,0.0,0.0,0.0,hate_speech|false_info|violence
br_new_00030018,30018,0.0,0.0,1.0,0.0,0.0,0.0,0.0,violence
br_new_00030022,30022,1.0,0.0,1.0,1.0,1.0,0.0,0.0,hate_speech|violence|harassment|obscenity
br_new_00030051,30051,0.0,0.0,0.0,1.0,0.0,0.0,1.0,harassment|national_security
br_new_00030129,30129,0.0,1.0,0.0,0.0,0.0,0.0,1.0,false_info|national_security
br_new_00030251,30251,1.0,0.0,1.0,0.0,0.0,0.0,0.0,hate_speech|violence
br_new_00030274,30274,0.0,0.0,1.0,1.0,0.0,0.0,0.0,violence|harassment
br_new_00030314,30314,0.0,0.0,0.0,0.0,0.0,0.0,1.0,national_security
br_new_00030443,30443,0.0,0.0,1.0,0.0,0.0,0.0,0.0,violence
br_new_00030464,30464,0.0,0.0,0.0,0.0,1.0,1.0,0.0,obscenity|illegal
br_new_00030475,30475,0.0,0.0,0.0,0.0,0.0,1.0,0.0,illegal
br_new_00030498,30498,0.0,0.0,1.0,0.0,0.0,0.0,0.0,violence
br_new_00030580,30580,1.0,0.0,0.0,0.0,0.0,0.0,1.0,hate_speech|national_security
br_new_00030592,30592,0.0,0.0,0.0,0.0,0.0,0.0,1.0,national_security
br_new_00030628,30628,0.0,0.0,0.0,0.0,0.0,0.0,1.0,national_security
br_new_00030699,30699,0.0,0.0,0.0,0.0,0.0,0.0,1.0,national_security
br_new_00030729,30729,0.0,0.0,0.0,0.0,0.0,0.0,1.0,national_security
br_new_00030803,30803,0.0,0.0,1.0,1.0,0.0,0.0,0.0,violence|harassment
br_new_00030832,30832,0.0,0.0,0.0,0.0,0.0,0.0,1.0,national_security
br_new_00030943,30943,0.0,0.0,1.0,1.0,1.0,0.0,0.0,violence|harassment|obscenity
br_new_00030968,30968,1.0,0.0,1.0,1.0,0.0,0.0,0.0,hate_speech|violence|harassment
br_new_00031099,31099,1.0,0.0,1.0,0.0,0.0,0.0,0.0,hate_speech|violence
br_new_00031169,31169,0.0,0.0,1.0,0.0,0.0,0.0,0.0,violence
br_new_00031186,31186,0.0,1.0,0.0,0.0,0.0,0.0,1.0,false_info|national_security
br_new_00031228,31228,0.0,0.0,0.0,0.0,0.0,0.0,1.0,national_security
br_new_00031238,31238,0.0,0.0,0.0,0.0,0.0,0.0,1.0,national_security
br_new_00031245,31245,0.0,0.0,0.0,0.0,0.0,0.0,1.0,national_security
br_new_00031297,31297,0.0,1.0,0.0,0.0,0.0,0.0,0.0,false_info
br_new_00031318,31318,0.0,0.0,1.0,0.0,0.0,0.0,0.0,violence
br_new_00031334,31334,0.0,0.0,1.0,0.0,0.0,1.0,0.0,violence|illegal
br_new_00031474,31474,0.0,0.0,1.0,1.0,0.0,0.0,0.0,violence|harassment
br_new_00031501,31501,0.0,0.0,0.0,0.0,0.0,1.0,0.0,illegal
br_new_00031521,31521,0.0,0.0,1.0,0.0,0.0,0.0,0.0,violence
br_new_00031549,31549,0.0,0.0,0.0,0.0,0.0,0.0,1.0,national_security
br_new_00031661,31661,0.0,0.0,1.0,0.0,0.0,0.0,1.0,violence|national_security
br_new_00031742,31742,0.0,0.0,1.0,1.0,0.0,0.0,0.0,violence|harassment
br_new_00031809,31809,0.0,0.0,1.0,0.0,0.0,0.0,0.0,violence
br_new_00031834,31834,0.0,1.0,0.0,0.0,0.0,0.0,0.0,false_info
br_new_00031836,31836,0.0,0.0,0.0,0.0,0.0,0.0,1.0,national_security
br_new_00031841,31841,0.0,0.0,0.0,0.0,1.0,1.0,0.0,obscenity|illegal
br_new_00031964,31964,0.0,0.0,0.0,0.0,0.0,0.0,1.0,national_security
br_new_00031988,31988,0.0,0.0,1.0,0.0,0.0,0.0,0.0,violence
br_new_00032026,32026,1.0,0.0,1.0,0.0,0.0,0.0,0.0,hate_speech|violence
br_new_00032207,32207,0.0,0.0,1.0,0.0,0.0,0.0,0.0,violence
br_new_00032310,32310,0.0,0.0,1.0,0.0,0.0,0.0,0.0,violence
br_new_00032413,32413,1.0,0.0,1.0,0.0,0.0,0.0,0.0,hate_speech|violence
br_new_00032462,32462,0.0,0.0,0.0,0.0,0.0,1.0,0.0,illegal
br_new_00032463,32463,0.0,0.0,0.0,0.0,0.0,0.0,1.0,national_security
br_new_00032637,32637,0.0,0.0,1.0,1.0,0.0,0.0,0.0,violence|harassment
br_new_00032653,32653,0.0,0.0,0.0,0.0,0.0,1.0,0.0,illegal
br_new_00032903,32903,0.0,0.0,1.0,0.0,0.0,0.0,0.0,violence
br_new_00032993,32993,0.0,0.0,1.0,0.0,0.0,0.0,0.0,violence
br_new_00033015,33015,0.0,0.0,0.0,0.0,0.0,1.0,0.0,illegal
br_new_00033089,33089,1.0,0.0,1.0,0.0,0.0,0.0,0.0,hate_speech|violence
br_new_00033091,33091,0.0,0.0,1.0,0.0,0.0,0.0,0.0,violence
br_new_00033147,33147,0.0,0.0,1.0,1.0,1.0,0.0,0.0,violence|harassment|obscenity
br_new_00033196,33196,0.0,0.0,1.0,0.0,0.0,0.0,0.0,violence
br_new_00033248,33248,1.0,1.0,0.0,1.0,0.0,0.0,0.0,hate_speech|false_info|harassment
br_new_00033263,33263,0.0,0.0,1.0,0.0,0.0,0.0,0.0,violence
br_new_00033326,33326,0.0,0.0,0.0,0.0,0.0,0.0,1.0,national_security
br_new_00033380,33380,0.0,0.0,1.0,1.0,0.0,0.0,0.0,violence|harassment
br_new_00033409,33409,0.0,1.0,0.0,0.0,0.0,0.0,0.0,false_info
br_new_00033434,33434,0.0,0.0,0.0,0.0,0.0,0.0,1.0,national_security
br_new_00033444,33444,0.0,0.0,0.0,0.0,0.0,0.0,1.0,national_security
br_new_00033572,33572,0.0,0.0,0.0,0.0,0.0,0.0,1.0,national_security
br_new_00033610,33610,0.0,0.0,0.0,0.0,0.0,0.0,1.0,national_security
br_new_00033683,33683,0.0,0.0,0.0,0.0,0.0,0.0,1.0,national_security
br_new_00033743,33743,0.0,0.0,0.0,0.0,0.0,1.0,0.0,illegal
br_new_00033851,33851,0.0,0.0,1.0,0.0,0.0,0.0,0.0,violence
br_new_00033855,33855,0.0,0.0,1.0,1.0,0.0,0.0,0.0,violence|harassment
br_new_00033963,33963,1.0,0.0,1.0,0.0,0.0,0.0,0.0,hate_speech|violence
br_new_00033964,33964,0.0,0.0,0.0,0.0,0.0,0.0,1.0,national_security
br_new_00033983,33983,1.0,0.0,1.0,0.0,0.0,0.0,0.0,hate_speech|violence
br_new_00033992,33992,1.0,0.0,1.0,0.0,0.0,0.0,0.0,hate_speech|violence
br_new_00034055,34055,0.0,0.0,1.0,0.0,0.0,0.0,0.0,violence
br_new_00034099,34099,0.0,0.0,0.0,0.0,1.0,1.0,0.0,obscenity|illegal
br_new_00034115,34115,1.0,0.0,1.0,0.0,0.0,0.0,0.0,hate_speech|violence
br_new_00034232,34232,0.0,1.0,0.0,0.0,0.0,0.0,0.0,false_info
br_new_00034236,34236,0.0,0.0,0.0,0.0,0.0,0.0,1.0,national_security
br_new_00034239,34239,0.0,0.0,1.0,1.0,0.0,0.0,0.0,violence|harassment
br_new_00034277,34277,0.0,0.0,0.0,0.0,0.0,0.0,1.0,national_security
br_new_00034394,34394,0.0,1.0,0.0,0.0,0.0,0.0,0.0,false_info
br_new_00034419,34419,0.0,0.0,0.0,0.0,0.0,1.0,0.0,illegal
br_new_00034529,34529,0.0,0.0,1.0,1.0,0.0,0.0,0.0,violence|harassment
br_new_00034597,34597,0.0,0.0,0.0,0.0,0.0,0.0,1.0,national_security
br_new_00034631,34631,0.0,0.0,1.0,1.0,0.0,0.0,0.0,violence|harassment
br_new_00034710,34710,0.0,0.0,1.0,1.0,0.0,0.0,0.0,violence|harassment
br_new_00034801,34801,0.0,0.0,0.0,0.0,0.0,0.0,1.0,national_security
br_new_00034810,34810,0.0,1.0,0.0,0.0,0.0,0.0,1.0,false_info|national_security
br_new_00035019,35019,0.0,0.0,0.0,0.0,0.0,1.0,0.0,illegal
br_new_00035144,35144,0.0,0.0,0.0,0.0,0.0,1.0,0.0,illegal
br_new_00035149,35149,0.0,0.0,1.0,0.0,0.0,0.0,0.0,violence
br_new_00035287,35287,0.0,0.0,0.0,0.0,0.0,0.0,1.0,national_security
br_new_00035417,35417,0.0,1.0,0.0,0.0,0.0,0.0,0.0,false_info
br_new_00035507,35507,0.0,0.0,1.0,1.0,0.0,0.0,0.0,violence|harassment
br_new_00035600,35600,0.0,0.0,1.0,1.0,0.0,0.0,0.0,violence|harassment
br_new_00035717,35717,0.0,1.0,0.0,1.0,0.0,0.0,0.0,false_info|harassment
br_new_00035962,35962,0.0,0.0,0.0,0.0,0.0,1.0,0.0,illegal
br_new_00036183,36183,0.0,1.0,0.0,0.0,0.0,0.0,1.0,false_info|national_security
br_new_00036326,36326,0.0,1.0,0.0,0.0,0.0,0.0,0.0,false_info
br_new_00036425,36425,0.0,0.0,0.0,0.0,0.0,1.0,0.0,illegal
br_new_00036437,36437,0.0,1.0,0.0,0.0,0.0,0.0,0.0,false_info
br_new_00036712,36712,0.0,0.0,1.0,0.0,0.0,0.0,0.0,violence
br_new_00036720,36720,1.0,0.0,1.0,0.0,0.0,0.0,0.0,hate_speech|violence
br_new_00036816,36816,0.0,1.0,0.0,1.0,0.0,0.0,1.0,false_info|harassment|national_security
br_new_00036852,36852,0.0,0.0,1.0,0.0,0.0,0.0,0.0,violence
br_new_00037145,37145,0.0,0.0,0.0,0.0,0.0,0.0,1.0,national_security
br_new_00037182,37182,0.0,0.0,1.0,0.0,0.0,0.0,0.0,violence
br_new_00037227,37227,0.0,0.0,0.0,0.0,0.0,1.0,0.0,illegal
br_new_00037365,37365,0.0,0.0,1.0,0.0,0.0,0.0,0.0,violence
br_new_00037431,37431,0.0,1.0,0.0,0.0,0.0,0.0,0.0,false_info
br_new_00037503,37503,0.0,1.0,0.0,0.0,0.0,0.0,0.0,false_info
br_new_00037535,37535,0.0,0.0,1.0,0.0,0.0,0.0,0.0,violence
br_new_00037549,37549,0.0,0.0,1.0,0.0,0.0,0.0,0.0,violence
br_new_00037723,37723,0.0,0.0,1.0,0.0,0.0,0.0,0.0,violence
br_new_00037897,37897,0.0,1.0,0.0,0.0,0.0,0.0,1.0,false_info|national_security
br_new_00037961,37961,0.0,1.0,0.0,0.0,0.0,1.0,0.0,false_info|illegal
br_new_00038116,38116,0.0,0.0,1.0,0.0,0.0,0.0,0.0,violence
br_new_00038147,38147,0.0,0.0,0.0,0.0,0.0,0.0,1.0,national_security
br_new_00038193,38193,0.0,0.0,1.0,1.0,0.0,0.0,0.0,violence|harassment
br_new_00038325,38325,0.0,1.0,0.0,1.0,0.0,0.0,0.0,false_info|harassment
br_new_00038387,38387,0.0,0.0,1.0,0.0,0.0,0.0,0.0,violence
br_new_00038693,38693,0.0,1.0,0.0,0.0,0.0,0.0,0.0,false_info
br_new_00038698,38698,0.0,0.0,1.0,0.0,0.0,0.0,0.0,violence
br_new_00038701,38701,0.0,0.0,0.0,0.0,0.0,1.0,0.0,illegal
br_new_00038830,38830,0.0,1.0,0.0,1.0,0.0,0.0,0.0,false_info|harassment
br_new_00038853,38853,0.0,0.0,1.0,0.0,0.0,0.0,0.0,violence
br_new_00038875,38875,0.0,1.0,0.0,0.0,0.0,0.0,1.0,false_info|national_security
br_new_00039032,39032,0.0,0.0,0.0,0.0,0.0,0.0,1.0,national_security
br_new_00039077,39077,0.0,0.0,1.0,0.0,0.0,0.0,0.0,violence
br_new_00039100,39100,0.0,0.0,0.0,0.0,0.0,0.0,1.0,national_security
br_new_00039177,39177,0.0,0.0,1.0,0.0,0.0,0.0,0.0,violence
br_new_00039222,39222,0.0,0.0,0.0,0.0,0.0,0.0,1.0,national_security
br_new_00039226,39226,0.0,0.0,0.0,0.0,0.0,1.0,0.0,illegal
br_new_00039265,39265,0.0,0.0,1.0,0.0,0.0,0.0,0.0,violence
br_new_00039302,39302,0.0,0.0,1.0,0.0,0.0,0.0,0.0,violence
br_new_00039674,39674,0.0,1.0,0.0,1.0,0.0,0.0,0.0,false_info|harassment
br_new_00039688,39688,0.0,0.0,0.0,0.0,0.0,0.0,1.0,national_security
br_new_00039736,39736,0.0,1.0,0.0,0.0,0.0,0.0,0.0,false_info
br_new_00039806,39806,0.0,0.0,1.0,0.0,0.0,0.0,0.0,violence
br_new_00040023,40023,0.0,0.0,1.0,0.0,0.0,0.0,0.0,violence
br_new_00040039,40039,0.0,0.0,1.0,1.0,0.0,0.0,0.0,violence|harassment
br_new_00040189,40189,0.0,0.0,1.0,0.0,0.0,0.0,0.0,violence
br_new_00040379,40379,0.0,0.0,1.0,0.0,1.0,0.0,0.0,violence|obscenity
br_new_00040443,40443,0.0,0.0,1.0,0.0,0.0,0.0,1.0,violence|national_security
br_new_00040533,40533,0.0,1.0,0.0,0.0,0.0,0.0,0.0,false_info
br_new_00040570,40570,0.0,1.0,0.0,0.0,0.0,0.0,1.0,false_info|national_security
br_new_00040844,40844,0.0,0.0,1.0,0.0,0.0,0.0,0.0,violence
br_new_00040907,40907,0.0,1.0,0.0,0.0,0.0,0.0,0.0,false_info
br_new_00040975,40975,0.0,0.0,1.0,0.0,0.0,0.0,0.0,violence
br_new_00041029,41029,0.0,1.0,0.0,0.0,0.0,0.0,0.0,false_info
br_new_00041166,41166,0.0,0.0,0.0,0.0,0.0,1.0,0.0,illegal
br_new_00041377,41377,0.0,0.0,0.0,0.0,0.0,1.0,0.0,illegal
br_new_00041400,41400,0.0,0.0,1.0,0.0,0.0,0.0,0.0,violence
br_new_00041402,41402,0.0,0.0,1.0,1.0,0.0,0.0,0.0,violence|harassment
br_new_00041656,41656,0.0,0.0,1.0,0.0,0.0,0.0,0.0,violence
br_new_00041662,41662,0.0,1.0,0.0,1.0,0.0,0.0,0.0,false_info|harassment
br_new_00041766,41766,0.0,0.0,0.0,0.0,0.0,0.0,1.0,national_security
br_new_00041810,41810,0.0,0.0,1.0,1.0,0.0,0.0,0.0,violence|harassment
br_new_00041985,41985,0.0,1.0,0.0,0.0,0.0,0.0,0.0,false_info
br_new_00042169,42169,0.0,1.0,0.0,0.0,0.0,0.0,0.0,false_info
br_new_00042269,42269,0.0,0.0,1.0,0.0,0.0,0.0,0.0,violence
br_new_00042288,42288,0.0,0.0,0.0,0.0,0.0,1.0,0.0,illegal
br_new_00042289,42289,0.0,0.0,0.0,0.0,0.0,1.0,0.0,illegal
br_new_00042491,42491,0.0,1.0,0.0,0.0,0.0,0.0,0.0,false_info
br_new_00042588,42588,0.0,0.0,0.0,0.0,0.0,0.0,1.0,national_security
br_new_00042662,42662,0.0,0.0,1.0,0.0,0.0,0.0,0.0,violence
br_new_00042725,42725,0.0,0.0,0.0,0.0,0.0,1.0,0.0,illegal
br_new_00042979,42979,0.0,0.0,0.0,1.0,0.0,0.0,1.0,harassment|national_security
br_new_00043108,43108,0.0,0.0,1.0,0.0,0.0,0.0,0.0,violence
br_new_00043129,43129,0.0,1.0,0.0,0.0,0.0,0.0,0.0,false_info
br_new_00043227,43227,0.0,0.0,0.0,0.0,0.0,0.0,1.0,national_security
br_new_00043250,43250,0.0,0.0,0.0,1.0,0.0,1.0,0.0,harassment|illegal
br_new_00043466,43466,0.0,0.0,1.0,0.0,0.0,0.0,0.0,violence
br_new_00043534,43534,0.0,0.0,1.0,0.0,0.0,0.0,0.0,violence
br_new_00043591,43591,0.0,0.0,1.0,0.0,0.0,0.0,0.0,violence
br_new_00043593,43593,0.0,0.0,1.0,0.0,0.0,0.0,0.0,violence
br_new_00043792,43792,0.0,0.0,1.0,1.0,0.0,0.0,0.0,violence|harassment
br_new_00043836,43836,0.0,0.0,0.0,0.0,0.0,0.0,1.0,national_security
br_new_00043843,43843,0.0,0.0,1.0,0.0,0.0,0.0,0.0,violence
br_new_00043937,43937,0.0,0.0,1.0,1.0,0.0,0.0,0.0,violence|harassment
br_new_00044006,44006,0.0,0.0,1.0,0.0,0.0,0.0,0.0,violence
br_new_00044039,44039,0.0,1.0,0.0,0.0,0.0,0.0,0.0,false_info
br_new_00044066,44066,0.0,0.0,0.0,0.0,0.0,1.0,0.0,illegal
br_new_00044143,44143,0.0,0.0,1.0,0.0,0.0,0.0,0.0,violence
br_new_00044207,44207,0.0,1.0,0.0,1.0,0.0,0.0,0.0,false_info|harassment
br_new_00044213,44213,0.0,0.0,1.0,0.0,0.0,0.0,1.0,violence|national_security
br_new_00044329,44329,0.0,1.0,0.0,1.0,0.0,0.0,0.0,false_info|harassment
br_new_00044485,44485,0.0,0.0,0.0,0.0,0.0,0.0,1.0,national_security
br_new_00044644,44644,0.0,0.0,1.0,0.0,0.0,0.0,0.0,violence
br_new_00044684,44684,0.0,1.0,0.0,0.0,0.0,0.0,0.0,false_info
br_new_00044687,44687,0.0,0.0,1.0,0.0,0.0,0.0,0.0,violence
br_new_00044799,44799,0.0,0.0,0.0,0.0,0.0,1.0,0.0,illegal
br_new_00044975,44975,0.0,1.0,0.0,0.0,0.0,0.0,1.0,false_info|national_security
br_new_00044981,44981,0.0,1.0,0.0,1.0,0.0,0.0,0.0,false_info|harassment
br_new_00045033,45033,0.0,0.0,1.0,0.0,0.0,0.0,0.0,violence
br_new_00045095,45095,0.0,1.0,0.0,1.0,0.0,0.0,0.0,false_info|harassment
br_new_00045158,45158,0.0,0.0,1.0,0.0,0.0,0.0,0.0,violence
br_new_00045178,45178,1.0,1.0,0.0,0.0,0.0,0.0,0.0,hate_speech|false_info
br_new_00045325,45325,0.0,1.0,0.0,0.0,0.0,0.0,0.0,false_info
br_new_00045335,45335,0.0,0.0,0.0,0.0,0.0,0.0,1.0,national_security
br_new_00045678,45678,0.0,0.0,1.0,0.0,0.0,0.0,1.0,violence|national_security
br_new_00045695,45695,0.0,0.0,0.0,0.0,0.0,0.0,1.0,national_security
br_new_00045725,45725,0.0,1.0,0.0,0.0,0.0,0.0,0.0,false_info
br_new_00045731,45731,0.0,1.0,0.0,1.0,0.0,0.0,0.0,false_info|harassment
br_new_00045733,45733,1.0,0.0,1.0,1.0,0.0,0.0,0.0,hate_speech|violence|harassment
br_new_00045734,45734,0.0,0.0,0.0,0.0,0.0,0.0,1.0,national_security
br_new_00045885,45885,0.0,0.0,0.0,0.0,0.0,1.0,0.0,illegal
br_new_00045965,45965,0.0,0.0,0.0,0.0,0.0,1.0,0.0,illegal
br_new_00046444,46444,0.0,0.0,0.0,0.0,0.0,1.0,0.0,illegal
br_new_00046733,46733,0.0,0.0,1.0,0.0,0.0,0.0,0.0,violence
br_new_00046915,46915,0.0,1.0,1.0,0.0,0.0,0.0,1.0,false_info|violence|national_security
br_new_00047050,47050,0.0,0.0,0.0,0.0,0.0,1.0,0.0,illegal
br_new_00047081,47081,0.0,1.0,0.0,0.0,0.0,0.0,0.0,false_info
br_new_00047097,47097,0.0,1.0,0.0,0.0,0.0,0.0,0.0,false_info
br_new_00047252,47252,0.0,0.0,1.0,1.0,0.0,0.0,0.0,violence|harassment
br_new_00047286,47286,0.0,1.0,0.0,0.0,0.0,0.0,0.0,false_info
br_new_00047402,47402,0.0,0.0,1.0,0.0,0.0,0.0,0.0,violence
br_new_00047428,47428,0.0,0.0,1.0,0.0,0.0,0.0,0.0,violence
br_new_00047465,47465,0.0,0.0,1.0,0.0,0.0,0.0,0.0,violence
br_new_00047482,47482,0.0,0.0,0.0,0.0,0.0,1.0,0.0,illegal
br_new_00047664,47664,0.0,1.0,0.0,1.0,0.0,0.0,0.0,false_info|harassment
br_new_00047837,47837,0.0,0.0,1.0,1.0,0.0,0.0,0.0,violence|harassment
br_new_00047908,47908,0.0,0.0,0.0,1.0,0.0,1.0,0.0,harassment|illegal
br_new_00048022,48022,0.0,0.0,1.0,0.0,0.0,0.0,0.0,violence
br_new_00048053,48053,0.0,1.0,0.0,0.0,0.0,0.0,0.0,false_info
br_new_00048119,48119,0.0,0.0,1.0,1.0,0.0,0.0,0.0,violence|harassment
br_new_00048250,48250,0.0,0.0,1.0,0.0,0.0,0.0,0.0,violence
br_new_00048252,48252,0.0,1.0,0.0,0.0,0.0,0.0,0.0,false_info
br_new_00048323,48323,0.0,0.0,1.0,1.0,0.0,0.0,0.0,violence|harassment
br_new_00048357,48357,0.0,0.0,1.0,1.0,0.0,0.0,0.0,violence|harassment
br_new_00048477,48477,0.0,0.0,0.0,1.0,0.0,0.0,1.0,harassment|national_security
br_new_00048497,48497,0.0,1.0,0.0,0.0,0.0,0.0,0.0,false_info
br_new_00048621,48621,0.0,0.0,1.0,1.0,0.0,0.0,0.0,violence|harassment
br_new_00048912,48912,0.0,0.0,1.0,0.0,0.0,0.0,0.0,violence
br_new_00049061,49061,0.0,0.0,1.0,0.0,0.0,0.0,0.0,violence
br_new_00049131,49131,0.0,0.0,1.0,0.0,0.0,0.0,0.0,violence
br_new_00049309,49309,0.0,1.0,0.0,0.0,0.0,0.0,1.0,false_info|national_security
br_new_00049320,49320,0.0,0.0,1.0,0.0,0.0,0.0,0.0,violence
br_new_00049356,49356,0.0,0.0,0.0,0.0,0.0,0.0,1.0,national_security
br_new_00049471,49471,0.0,0.0,1.0,0.0,0.0,0.0,0.0,violence
br_new_00049503,49503,0.0,0.0,1.0,0.0,0.0,0.0,0.0,violence
br_new_00049545,49545,0.0,1.0,0.0,0.0,0.0,0.0,0.0,false_info
br_new_00049561,49561,0.0,0.0,0.0,0.0,0.0,1.0,0.0,illegal
br_new_00049648,49648,0.0,0.0,1.0,0.0,0.0,0.0,0.0,violence
br_new_00049983,49983,0.0,0.0,1.0,0.0,0.0,0.0,0.0,violence
br_new_00049994,49994,0.0,1.0,0.0,0.0,0.0,0.0,0.0,false_info
br_new_00050139,50139,0.0,0.0,1.0,0.0,0.0,0.0,0.0,violence
br_new_00050382,50382,0.0,1.0,0.0,0.0,0.0,0.0,0.0,false_info
br_new_00050555,50555,0.0,0.0,0.0,0.0,0.0,0.0,1.0,national_security
br_new_00050619,50619,0.0,0.0,0.0,0.0,0.0,0.0,1.0,national_security
br_new_00050725,50725,0.0,0.0,1.0,0.0,0.0,0.0,0.0,violence
br_new_00050773,50773,0.0,0.0,1.0,1.0,0.0,0.0,0.0,violence|harassment
br_new_00050825,50825,0.0,0.0,1.0,1.0,0.0,0.0,0.0,violence|harassment
br_new_00050941,50941,0.0,0.0,1.0,1.0,1.0,0.0,0.0,violence|harassment|obscenity
br_new_00050986,50986,0.0,0.0,1.0,0.0,0.0,0.0,0.0,violence
br_new_00051044,51044,0.0,0.0,0.0,0.0,0.0,0.0,1.0,national_security
br_new_00051100,51100,0.0,0.0,1.0,1.0,0.0,0.0,0.0,violence|harassment
br_new_00051159,51159,0.0,0.0,1.0,0.0,0.0,0.0,0.0,violence
br_new_00051201,51201,0.0,0.0,1.0,0.0,0.0,0.0,0.0,violence
br_new_00051209,51209,0.0,1.0,0.0,0.0,0.0,0.0,0.0,false_info
br_new_00051429,51429,0.0,0.0,1.0,0.0,0.0,0.0,0.0,violence
br_new_00051574,51574,0.0,0.0,0.0,0.0,0.0,0.0,1.0,national_security
br_new_00051583,51583,1.0,0.0,1.0,0.0,0.0,0.0,0.0,hate_speech|violence
br_new_00051654,51654,0.0,0.0,1.0,0.0,0.0,0.0,0.0,violence
br_new_00051802,51802,0.0,0.0,1.0,0.0,0.0,0.0,0.0,violence
br_new_00051854,51854,1.0,1.0,0.0,0.0,0.0,0.0,0.0,hate_speech|false_info
br_new_00052066,52066,0.0,1.0,0.0,0.0,0.0,0.0,0.0,false_info
br_new_00052327,52327,0.0,0.0,1.0,0.0,0.0,0.0,0.0,violence
br_new_00052993,52993,1.0,0.0,1.0,1.0,0.0,0.0,0.0,hate_speech|violence|harassment
br_new_00053012,53012,0.0,1.0,0.0,0.0,0.0,0.0,0.0,false_info
br_new_00053050,53050,0.0,1.0,0.0,0.0,0.0,0.0,1.0,false_info|national_security
br_new_00053136,53136,0.0,1.0,0.0,0.0,0.0,0.0,1.0,false_info|national_security
br_new_00053434,53434,0.0,0.0,1.0,0.0,0.0,0.0,0.0,violence
br_new_00053555,53555,0.0,0.0,0.0,0.0,0.0,1.0,0.0,illegal
br_new_00053633,53633,0.0,1.0,0.0,0.0,0.0,0.0,1.0,false_info|national_security
br_new_00053853,53853,0.0,1.0,0.0,0.0,0.0,0.0,1.0,false_info|national_security
br_new_00053867,53867,0.0,1.0,0.0,1.0,0.0,0.0,0.0,false_info|harassment
br_new_00053969,53969,0.0,0.0,1.0,0.0,0.0,0.0,0.0,violence
br_new_00054008,54008,0.0,0.0,1.0,1.0,0.0,0.0,0.0,violence|harassment
br_new_00054226,54226,0.0,0.0,0.0,0.0,0.0,0.0,1.0,national_security
br_new_00054268,54268,0.0,0.0,0.0,0.0,0.0,0.0,1.0,national_security
br_new_00054274,54274,0.0,0.0,1.0,0.0,0.0,0.0,0.0,violence
br_new_00054293,54293,0.0,1.0,0.0,0.0,0.0,0.0,0.0,false_info
br_new_00054334,54334,0.0,0.0,1.0,0.0,0.0,0.0,0.0,violence
br_new_00054408,54408,0.0,0.0,0.0,0.0,0.0,1.0,0.0,illegal
br_new_00054579,54579,0.0,0.0,1.0,1.0,1.0,0.0,0.0,violence|harassment|obscenity
br_new_00054806,54806,0.0,0.0,0.0,0.0,0.0,1.0,0.0,illegal
br_new_00054900,54900,0.0,0.0,1.0,0.0,0.0,0.0,0.0,violence
br_new_00055037,55037,0.0,0.0,0.0,0.0,0.0,1.0,0.0,illegal
br_new_00055087,55087,0.0,1.0,0.0,0.0,0.0,0.0,1.0,false_info|national_security
br_new_00055231,55231,0.0,0.0,1.0,0.0,0.0,0.0,0.0,violence
br_new_00055266,55266,0.0,0.0,1.0,0.0,0.0,0.0,0.0,violence
br_new_00055321,55321,0.0,1.0,0.0,0.0,0.0,0.0,0.0,false_info
br_new_00055372,55372,0.0,1.0,0.0,0.0,0.0,0.0,0.0,false_info
br_new_00055568,55568,0.0,0.0,1.0,0.0,0.0,0.0,0.0,violence
br_new_00055698,55698,0.0,1.0,0.0,1.0,0.0,0.0,0.0,false_info|harassment
br_new_00055735,55735,0.0,1.0,0.0,0.0,0.0,0.0,0.0,false_info
br_new_00055879,55879,0.0,0.0,1.0,0.0,0.0,0.0,1.0,violence|national_security
br_new_00055894,55894,0.0,1.0,0.0,0.0,0.0,0.0,0.0,false_info
br_new_00055927,55927,0.0,1.0,0.0,0.0,0.0,0.0,0.0,false_info
br_new_00055937,55937,0.0,0.0,0.0,0.0,0.0,0.0,1.0,national_security
br_new_00055947,55947,0.0,0.0,1.0,0.0,0.0,0.0,0.0,violence
br_new_00056163,56163,0.0,0.0,0.0,0.0,0.0,1.0,0.0,illegal
br_new_00056184,56184,0.0,0.0,1.0,0.0,0.0,0.0,0.0,violence
br_new_00056226,56226,0.0,1.0,0.0,1.0,0.0,0.0,0.0,false_info|harassment
br_new_00056287,56287,0.0,0.0,1.0,1.0,0.0,0.0,0.0,violence|harassment
br_new_00056327,56327,0.0,0.0,0.0,0.0,0.0,1.0,0.0,illegal
br_new_00056363,56363,0.0,0.0,1.0,0.0,0.0,0.0,0.0,violence
br_new_00056468,56468,0.0,0.0,1.0,1.0,0.0,0.0,0.0,violence|harassment
br_new_00056491,56491,0.0,0.0,0.0,0.0,0.0,0.0,1.0,national_security
br_new_00056518,56518,0.0,0.0,0.0,0.0,0.0,0.0,1.0,national_security
br_new_00056641,56641,0.0,0.0,0.0,0.0,0.0,1.0,0.0,illegal
br_new_00056756,56756,0.0,1.0,0.0,0.0,0.0,0.0,0.0,false_info
br_new_00056771,56771,0.0,0.0,1.0,0.0,0.0,0.0,0.0,violence
br_new_00056869,56869,0.0,0.0,1.0,0.0,0.0,0.0,0.0,violence
br_new_00056929,56929,0.0,0.0,0.0,0.0,0.0,0.0,1.0,national_security
br_new_00057006,57006,0.0,0.0,1.0,0.0,0.0,0.0,0.0,violence
br_new_00057017,57017,0.0,0.0,0.0,0.0,0.0,1.0,0.0,illegal
br_new_00057035,57035,0.0,1.0,0.0,1.0,0.0,0.0,0.0,false_info|harassment
br_new_00057070,57070,0.0,1.0,0.0,0.0,0.0,0.0,0.0,false_info
br_new_00057166,57166,0.0,1.0,0.0,0.0,0.0,0.0,0.0,false_info
br_new_00057224,57224,0.0,0.0,1.0,0.0,0.0,0.0,0.0,violence
br_new_00057291,57291,0.0,0.0,1.0,0.0,0.0,0.0,0.0,violence
br_new_00057343,57343,0.0,0.0,1.0,0.0,0.0,0.0,0.0,violence
br_new_00057471,57471,0.0,1.0,0.0,0.0,0.0,0.0,0.0,false_info
br_new_00057577,57577,0.0,1.0,0.0,0.0,0.0,0.0,0.0,false_info
br_new_00057578,57578,0.0,0.0,1.0,0.0,0.0,0.0,0.0,violence
br_new_00057643,57643,0.0,0.0,1.0,0.0,0.0,0.0,0.0,violence
br_new_00057713,57713,0.0,1.0,0.0,1.0,0.0,0.0,1.0,false_info|harassment|national_security
br_new_00057751,57751,0.0,1.0,0.0,0.0,0.0,0.0,0.0,false_info
br_new_00057786,57786,0.0,1.0,0.0,0.0,0.0,1.0,0.0,false_info|illegal
br_new_00057988,57988,0.0,1.0,0.0,0.0,0.0,0.0,0.0,false_info
br_new_00058016,58016,0.0,0.0,1.0,0.0,0.0,0.0,0.0,violence
br_new_00058102,58102,0.0,1.0,0.0,1.0,0.0,0.0,0.0,false_info|harassment
br_new_00058287,58287,0.0,0.0,0.0,0.0,0.0,1.0,0.0,illegal
br_new_00058313,58313,0.0,0.0,1.0,0.0,0.0,0.0,0.0,violence
br_new_00058519,58519,0.0,0.0,0.0,0.0,0.0,1.0,0.0,illegal
br_new_00058638,58638,0.0,0.0,0.0,0.0,1.0,1.0,0.0,obscenity|illegal
br_new_00058739,58739,0.0,0.0,0.0,0.0,0.0,1.0,0.0,illegal
br_new_00058764,58764,0.0,0.0,0.0,0.0,0.0,1.0,0.0,illegal
br_new_00058839,58839,0.0,0.0,1.0,1.0,0.0,0.0,0.0,violence|harassment
br_new_00058972,58972,0.0,0.0,0.0,0.0,0.0,1.0,0.0,illegal
br_new_00059177,59177,0.0,1.0,0.0,0.0,0.0,0.0,0.0,false_info
br_new_00059196,59196,0.0,1.0,0.0,0.0,0.0,0.0,0.0,false_info
br_new_00059202,59202,0.0,1.0,1.0,0.0,0.0,0.0,1.0,false_info|violence|national_security
br_new_00059265,59265,0.0,1.0,0.0,0.0,0.0,0.0,0.0,false_info
br_new_00059362,59362,0.0,0.0,0.0,0.0,0.0,1.0,0.0,illegal
br_new_00059448,59448,0.0,0.0,1.0,0.0,0.0,0.0,0.0,violence
br_new_00059670,59670,0.0,0.0,1.0,0.0,0.0,0.0,0.0,violence
br_new_00059845,59845,0.0,0.0,1.0,0.0,0.0,0.0,0.0,violence
br_new_00059929,59929,0.0,0.0,1.0,0.0,0.0,0.0,0.0,violence
br_new_00059947,59947,0.0,1.0,0.0,0.0,0.0,0.0,1.0,false_info|national_security
br_new_00060072,60072,0.0,0.0,1.0,0.0,0.0,0.0,0.0,violence
br_new_00060156,60156,0.0,0.0,1.0,1.0,0.0,0.0,0.0,violence|harassment
br_new_00060225,60225,0.0,1.0,0.0,0.0,0.0,0.0,0.0,false_info
br_new_00060268,60268,0.0,0.0,1.0,0.0,0.0,0.0,0.0,violence
br_new_00060303,60303,0.0,0.0,0.0,0.0,0.0,1.0,0.0,illegal
br_new_00060304,60304,0.0,1.0,0.0,0.0,0.0,0.0,0.0,false_info
br_new_00060447,60447,0.0,0.0,0.0,0.0,1.0,1.0,0.0,obscenity|illegal
br_new_00060464,60464,0.0,1.0,0.0,0.0,0.0,0.0,0.0,false_info
br_new_00060506,60506,0.0,1.0,0.0,0.0,0.0,0.0,1.0,false_info|national_security
br_new_00060599,60599,0.0,0.0,1.0,0.0,0.0,0.0,0.0,violence
br_new_00060723,60723,1.0,1.0,0.0,0.0,0.0,0.0,0.0,hate_speech|false_info
br_new_00060769,60769,0.0,0.0,1.0,0.0,0.0,0.0,1.0,violence|national_security
br_new_00060775,60775,0.0,0.0,0.0,0.0,0.0,1.0,0.0,illegal
br_new_00060980,60980,0.0,0.0,1.0,1.0,1.0,0.0,0.0,violence|harassment|obscenity
br_new_00060986,60986,0.0,1.0,0.0,0.0,0.0,0.0,0.0,false_info
br_new_00061022,61022,0.0,0.0,0.0,0.0,0.0,1.0,0.0,illegal
br_new_00061070,61070,0.0,0.0,1.0,0.0,0.0,0.0,0.0,violence
br_new_00061116,61116,0.0,0.0,1.0,0.0,0.0,0.0,0.0,violence
br_new_00061184,61184,0.0,0.0,1.0,0.0,0.0,0.0,0.0,violence
br_new_00061247,61247,0.0,0.0,0.0,0.0,0.0,0.0,1.0,national_security
br_new_00061248,61248,1.0,0.0,1.0,0.0,0.0,0.0,0.0,hate_speech|violence
br_new_00061341,61341,0.0,1.0,0.0,0.0,0.0,0.0,0.0,false_info
br_new_00061387,61387,0.0,0.0,0.0,0.0,0.0,1.0,0.0,illegal
br_new_00061461,61461,0.0,0.0,1.0,0.0,0.0,0.0,0.0,violence
br_new_00061517,61517,0.0,1.0,0.0,0.0,0.0,0.0,0.0,false_info
br_new_00061693,61693,0.0,1.0,0.0,0.0,0.0,0.0,0.0,false_info
br_new_00061759,61759,0.0,0.0,0.0,0.0,0.0,1.0,0.0,illegal
br_new_00061845,61845,0.0,0.0,0.0,0.0,0.0,0.0,1.0,national_security
br_new_00061953,61953,0.0,0.0,1.0,0.0,0.0,0.0,0.0,violence
br_new_00062327,62327,0.0,0.0,1.0,1.0,0.0,0.0,0.0,violence|harassment
br_new_00062400,62400,0.0,1.0,0.0,0.0,0.0,0.0,0.0,false_info
br_new_00062494,62494,0.0,0.0,1.0,0.0,0.0,0.0,0.0,violence
br_new_00062665,62665,0.0,0.0,0.0,0.0,0.0,0.0,1.0,national_security
br_new_00062980,62980,0.0,0.0,1.0,1.0,0.0,0.0,0.0,violence|harassment
br_new_00063054,63054,0.0,1.0,0.0,0.0,0.0,0.0,0.0,false_info
br_new_00063387,63387,1.0,0.0,1.0,0.0,0.0,0.0,0.0,hate_speech|violence
br_new_00063505,63505,0.0,1.0,0.0,0.0,0.0,0.0,0.0,false_info
br_new_00063568,63568,0.0,0.0,1.0,0.0,0.0,0.0,0.0,violence
br_new_00063719,63719,0.0,0.0,1.0,0.0,0.0,0.0,0.0,violence
br_new_00064144,64144,0.0,1.0,0.0,0.0,0.0,0.0,0.0,false_info
br_new_00064176,64176,0.0,0.0,1.0,0.0,0.0,0.0,0.0,violence
br_new_00064362,64362,0.0,0.0,1.0,0.0,0.0,0.0,0.0,violence
br_new_00064511,64511,0.0,0.0,0.0,0.0,0.0,0.0,1.0,national_security
br_new_00064588,64588,0.0,0.0,1.0,0.0,0.0,0.0,0.0,violence
br_new_00064775,64775,0.0,1.0,0.0,0.0,0.0,0.0,0.0,false_info
br_new_00064793,64793,0.0,1.0,1.0,1.0,0.0,1.0,0.0,false_info|violence|harassment|illegal
br_new_00064813,64813,0.0,1.0,0.0,0.0,0.0,0.0,1.0,false_info|national_security
br_new_00064817,64817,0.0,1.0,0.0,0.0,0.0,0.0,0.0,false_info
br_new_00064849,64849,0.0,1.0,0.0,1.0,0.0,0.0,0.0,false_info|harassment
br_new_00064956,64956,0.0,0.0,0.0,0.0,0.0,0.0,1.0,national_security
br_new_00065007,65007,0.0,1.0,0.0,0.0,0.0,0.0,0.0,false_info
br_new_00065100,65100,0.0,0.0,1.0,0.0,0.0,0.0,0.0,violence
br_new_00065104,65104,0.0,1.0,0.0,0.0,0.0,0.0,0.0,false_info
br_new_00065106,65106,0.0,0.0,0.0,0.0,0.0,0.0,1.0,national_security
br_new_00065109,65109,0.0,0.0,0.0,0.0,0.0,1.0,0.0,illegal
br_new_00065175,65175,0.0,0.0,0.0,0.0,0.0,1.0,0.0,illegal
br_new_00065283,65283,0.0,1.0,0.0,1.0,0.0,0.0,0.0,false_info|harassment
br_new_00065323,65323,0.0,0.0,1.0,0.0,0.0,0.0,0.0,violence
br_new_00065340,65340,0.0,0.0,0.0,0.0,0.0,1.0,0.0,illegal
br_new_00065447,65447,0.0,1.0,0.0,0.0,0.0,0.0,0.0,false_info
br_new_00065630,65630,0.0,0.0,1.0,0.0,0.0,0.0,0.0,violence
br_new_00065687,65687,0.0,1.0,0.0,0.0,0.0,0.0,0.0,false_info
br_new_00065736,65736,0.0,0.0,1.0,0.0,0.0,0.0,0.0,violence
br_new_00065810,65810,0.0,1.0,0.0,0.0,0.0,0.0,0.0,false_info
br_new_00066130,66130,0.0,0.0,1.0,0.0,1.0,0.0,0.0,violence|obscenity
br_new_00066253,66253,0.0,0.0,1.0,0.0,0.0,0.0,0.0,violence
br_new_00066380,66380,0.0,0.0,1.0,0.0,0.0,0.0,0.0,violence
br_new_00066557,66557,1.0,0.0,1.0,1.0,0.0,0.0,0.0,hate_speech|violence|harassment
br_new_00066642,66642,0.0,0.0,1.0,0.0,0.0,0.0,0.0,violence
br_new_00066746,66746,0.0,1.0,0.0,0.0,0.0,0.0,0.0,false_info
br_new_00066812,66812,0.0,1.0,0.0,0.0,0.0,0.0,0.0,false_info
br_new_00066844,66844,0.0,1.0,0.0,0.0,0.0,0.0,0.0,false_info
br_new_00067054,67054,0.0,1.0,1.0,0.0,0.0,0.0,0.0,false_info|violence
br_new_00067136,67136,0.0,0.0,1.0,0.0,0.0,0.0,0.0,violence
br_new_00067371,67371,0.0,0.0,0.0,0.0,0.0,1.0,0.0,illegal
br_new_00067502,67502,0.0,0.0,1.0,0.0,0.0,0.0,0.0,violence
br_new_00067625,67625,0.0,0.0,1.0,0.0,0.0,0.0,0.0,violence
br_new_00067767,67767,0.0,0.0,0.0,0.0,0.0,1.0,0.0,illegal
br_new_00067797,67797,0.0,0.0,1.0,0.0,0.0,0.0,0.0,violence
br_new_00068042,68042,0.0,0.0,0.0,0.0,0.0,1.0,0.0,illegal
br_new_00068194,68194,0.0,0.0,1.0,0.0,0.0,0.0,0.0,violence
br_new_00068202,68202,0.0,0.0,1.0,0.0,0.0,0.0,0.0,violence
br_new_00068635,68635,0.0,0.0,1.0,0.0,0.0,0.0,0.0,violence
br_new_00068830,68830,0.0,0.0,0.0,0.0,0.0,1.0,0.0,illegal
br_new_00068839,68839,0.0,1.0,0.0,0.0,0.0,0.0,1.0,false_info|national_security
br_new_00069443,69443,0.0,1.0,0.0,0.0,0.0,0.0,1.0,false_info|national_security
br_new_00069600,69600,0.0,0.0,0.0,0.0,0.0,0.0,1.0,national_security
br_new_00069734,69734,0.0,0.0,1.0,0.0,0.0,0.0,0.0,violence
br_new_00069739,69739,0.0,0.0,1.0,0.0,0.0,0.0,0.0,violence
br_new_00069872,69872,0.0,0.0,1.0,0.0,0.0,0.0,0.0,violence
br_new_00070011,70011,0.0,0.0,1.0,0.0,0.0,0.0,0.0,violence
br_new_00070019,70019,0.0,0.0,1.0,0.0,0.0,0.0,0.0,violence
br_new_00070272,70272,0.0,0.0,1.0,0.0,0.0,0.0,0.0,violence
br_new_00070517,70517,0.0,0.0,1.0,0.0,0.0,0.0,0.0,violence
br_new_00070550,70550,0.0,1.0,0.0,0.0,0.0,0.0,0.0,false_info
br_new_00070561,70561,0.0,0.0,0.0,0.0,0.0,1.0,0.0,illegal
br_new_00070605,70605,0.0,1.0,0.0,0.0,0.0,0.0,1.0,false_info|national_security
br_new_00070628,70628,0.0,1.0,0.0,1.0,0.0,0.0,0.0,false_info|harassment
br_new_00070637,70637,0.0,0.0,1.0,0.0,0.0,0.0,0.0,violence
br_new_00071078,71078,0.0,0.0,1.0,0.0,0.0,0.0,0.0,violence
br_new_00071140,71140,0.0,1.0,0.0,0.0,0.0,0.0,0.0,false_info
br_new_00071156,71156,0.0,0.0,1.0,0.0,0.0,0.0,0.0,violence
br_new_00071258,71258,0.0,0.0,1.0,0.0,0.0,0.0,0.0,violence
br_new_00071750,71750,0.0,1.0,0.0,0.0,0.0,0.0,0.0,false_info
br_new_00071761,71761,0.0,1.0,0.0,0.0,0.0,0.0,0.0,false_info
br_new_00071782,71782,0.0,0.0,0.0,0.0,0.0,0.0,1.0,national_security
br_new_00072112,72112,0.0,0.0,1.0,0.0,0.0,0.0,0.0,violence
br_new_00072552,72552,0.0,1.0,0.0,0.0,0.0,0.0,0.0,false_info
br_new_00072656,72656,0.0,0.0,1.0,0.0,0.0,0.0,0.0,violence
br_new_00072660,72660,0.0,0.0,1.0,0.0,0.0,0.0,0.0,violence
br_new_00072668,72668,0.0,0.0,1.0,0.0,0.0,0.0,0.0,violence
br_new_00072721,72721,0.0,1.0,0.0,0.0,0.0,0.0,0.0,false_info
br_new_00072830,72830,0.0,0.0,1.0,1.0,0.0,1.0,0.0,violence|harassment|illegal
br_new_00072927,72927,0.0,0.0,0.0,0.0,0.0,0.0,1.0,national_security
br_new_00072948,72948,0.0,0.0,0.0,0.0,0.0,1.0,0.0,illegal
br_new_00072994,72994,0.0,0.0,1.0,0.0,0.0,0.0,0.0,violence
br_new_00073253,73253,0.0,0.0,1.0,0.0,0.0,0.0,1.0,violence|national_security
br_new_00073322,73322,0.0,0.0,0.0,0.0,0.0,1.0,0.0,illegal
br_new_00073397,73397,0.0,0.0,1.0,0.0,0.0,0.0,0.0,violence
br_new_00073842,73842,0.0,1.0,0.0,0.0,0.0,0.0,0.0,false_info
br_new_00073963,73963,0.0,0.0,1.0,1.0,0.0,0.0,0.0,violence|harassment
br_new_00074129,74129,0.0,1.0,0.0,1.0,0.0,0.0,0.0,false_info|harassment
br_new_00074251,74251,0.0,0.0,1.0,0.0,0.0,0.0,1.0,violence|national_security
br_new_00074595,74595,0.0,0.0,0.0,0.0,0.0,1.0,0.0,illegal
br_new_00074611,74611,0.0,0.0,1.0,0.0,0.0,0.0,0.0,violence
br_new_00074666,74666,0.0,1.0,0.0,0.0,0.0,0.0,0.0,false_info
br_new_00074935,74935,0.0,0.0,0.0,1.0,0.0,1.0,0.0,harassment|illegal
br_new_00074982,74982,0.0,0.0,1.0,0.0,0.0,0.0,0.0,violence
br_new_00075021,75021,0.0,0.0,1.0,0.0,0.0,0.0,0.0,violence
br_new_00075136,75136,0.0,0.0,1.0,1.0,0.0,0.0,0.0,violence|harassment
br_new_00075147,75147,0.0,0.0,1.0,0.0,0.0,0.0,0.0,violence
br_new_00075752,75752,0.0,1.0,0.0,0.0,0.0,0.0,0.0,false_info
br_new_00075794,75794,0.0,1.0,0.0,0.0,0.0,0.0,0.0,false_info
br_new_00075829,75829,0.0,1.0,0.0,0.0,0.0,0.0,0.0,false_info
br_new_00076056,76056,0.0,1.0,0.0,0.0,0.0,0.0,0.0,false_info
br_new_00076130,76130,0.0,0.0,0.0,0.0,0.0,1.0,0.0,illegal
br_new_00076134,76134,0.0,0.0,1.0,0.0,0.0,0.0,0.0,violence
br_new_00076135,76135,0.0,0.0,0.0,0.0,0.0,1.0,0.0,illegal
br_new_00076413,76413,0.0,1.0,0.0,0.0,0.0,0.0,0.0,false_info
br_new_00076414,76414,0.0,1.0,0.0,0.0,0.0,0.0,0.0,false_info
br_new_00076447,76447,0.0,0.0,0.0,0.0,0.0,1.0,0.0,illegal
br_new_00076511,76511,0.0,1.0,0.0,0.0,0.0,0.0,0.0,false_info
br_new_00076591,76591,0.0,1.0,0.0,1.0,0.0,0.0,0.0,false_info|harassment
br_new_00076592,76592,0.0,0.0,1.0,0.0,0.0,0.0,0.0,violence
br_new_00076717,76717,0.0,0.0,0.0,0.0,0.0,1.0,0.0,illegal
br_new_00076983,76983,0.0,0.0,0.0,0.0,0.0,1.0,0.0,illegal
br_new_00077054,77054,0.0,0.0,0.0,0.0,0.0,0.0,1.0,national_security
br_new_00077189,77189,0.0,0.0,1.0,1.0,0.0,0.0,0.0,violence|harassment
br_new_00077196,77196,0.0,1.0,0.0,0.0,0.0,0.0,0.0,false_info
br_new_00077584,77584,0.0,1.0,0.0,0.0,0.0,0.0,0.0,false_info
br_new_00077649,77649,0.0,0.0,0.0,0.0,0.0,1.0,0.0,illegal
br_new_00077751,77751,0.0,0.0,1.0,1.0,0.0,0.0,0.0,violence|harassment
br_new_00078142,78142,0.0,0.0,1.0,0.0,0.0,0.0,0.0,violence
br_new_00078498,78498,0.0,0.0,1.0,0.0,0.0,0.0,0.0,violence
br_new_00078510,78510,0.0,0.0,1.0,1.0,1.0,0.0,0.0,violence|harassment|obscenity
br_new_00078803,78803,0.0,1.0,0.0,0.0,0.0,0.0,0.0,false_info
